2019. 12. 16,0:00,96,0,27,0,94
2019. 12. 16,1:00,92,0,27,0,90
2019. 12. 16,2:00,70,0,52,0,41
2019. 12. 16,3:00,94,0,91,0,21
2019. 12. 16,4:00,83,0,73,0,27
2019. 12. 16,5:00,89,0,89,0,0
2019. 12. 16,7:00,66,0,66,2,0
2019. 12. 16,9:00,27,0,23,6,0
2019. 12. 16,10:00,27,0,24,4,0
2019. 12. 16,11:00,26,0,24,4,0
2019. 12. 16,12:00,25,0,23,5,0
2019. 12. 16,13:00,30,0,24,16,0
2019. 12. 16,14:00,44,0,39,17,1
2019. 12. 16,15:00,76,0,69,33,8
2019. 12. 16,17:00,99,0,98,20,0
2019. 12. 16,18:00,100,0,100,79,56
2019. 12. 16,19:00,99,0,98,98,0
2019. 12. 16,21:00,41,0,5,6,35
2019. 12. 16,22:00,94,0,27,1,93
2019. 12. 16,23:00,96,0,48,18,94
2019. 12. 17,0:00,98,0,27,75,96
2019. 12. 17,2:00,98,0,2,74,98
2019. 12. 17,3:00,100,0,2,99,100
2019. 12. 17,4:00,100,0,2,100,100
2019. 12. 17,5:00,100,0,19,100,100
2019. 12. 17,7:00,100,0,100,100,81
2019. 12. 17,8:00,100,0,100,98,7
2019. 12. 17,14:00,100,0,100,0,83
2019. 12. 17,16:00,89,0,77,18,57
2019. 12. 17,17:00,99,0,55,60,98
2019. 12. 17,18:00,98,0,10,79,96
2019. 12. 17,19:00,100,0,2,83,100
2019. 12. 17,20:00,99,0,2,88,98
2019. 12. 17,22:00,94,0,1,0,94
2019. 12. 17,23:00,94,0,1,0,94
2019. 12. 18,0:00,77,0,1,0,77
2019. 12. 18,2:00,48,0,1,0,48
2019. 12. 18,3:00,1,0,1,0,0
2019. 12. 18,4:00,1,0,1,0,0
2019. 12. 18,5:00,2,0,1,0,1
2019. 12. 18,6:00,1,0,1,0,0
2019. 12. 18,8:00,1,0,1,0,0
2019. 12. 18,9:00,6,0,0,0,6
2019. 12. 18,11:00,34,0,0,0,34
2019. 12. 18,12:00,58,0,0,0,58
2019. 12. 18,13:00,77,0,0,0,77
2019. 12. 18,16:00,94,0,0,17,94
2019. 12. 18,18:00,94,0,0,77,93
2019. 12. 18,19:00,94,0,0,56,94
2019. 12. 18,20:00,93,0,0,34,93
2019. 12. 18,21:00,89,0,0,6,89
2019. 12. 18,22:00,85,0,0,0,85
2019. 12. 19,0:00,41,0,0,40,1
2019. 12. 19,1:00,33,0,0,31,2
2019. 12. 19,3:00,81,0,0,2,80
2019. 12. 19,5:00,79,0,0,0,79
2019. 12. 19,6:00,86,0,0,0,86
2019. 12. 19,8:00,61,0,0,0,61
2019. 12. 19,9:00,25,0,0,0,25
2019. 12. 19,10:00,0,0,0,0,0
2019. 12. 19,12:00,0,0,0,0,0
2019. 12. 19,13:00,0,0,0,0,0
2019. 12. 19,14:00,0,0,0,0,0
2019. 12. 19,16:00,0,0,0,0,0
2019. 12. 19,17:00,0,0,0,0,0
2019. 12. 19,18:00,0,0,0,0,0
2019. 12. 19,19:00,0,0,0,0,0
2019. 12. 19,20:00,79,0,56,77,0
2019. 12. 19,22:00,98,0,98,97,0
2019. 12. 20,0:00,94,0,94,2,0
2019. 12. 20,1:00,46,0,44,9,0
2019. 12. 20,2:00,48,0,48,2,0
2019. 12. 20,3:00,74,0,74,0,0
2019. 12. 20,6:00,2,0,2,2,0
2019. 12. 20,7:00,0,0,0,0,0
2019. 12. 20,9:00,0,0,0,0,0
2019. 12. 20,10:00,0,0,0,0,0
2019. 12. 20,11:00,0,0,0,0,0
2019. 12. 20,12:00,0,0,0,0,0
2019. 12. 20,14:00,0,0,0,0,0
2019. 12. 20,15:00,0,0,0,0,0
2019. 12. 20,16:00,0,0,0,0,0
2019. 12. 20,17:00,0,0,0,0,0
2019. 12. 20,18:00,0,0,0,0,0
2019. 12. 20,20:00,0,0,0,0,0
2019. 12. 20,21:00,0,0,0,0,0
2019. 12. 20,23:00,0,0,0,0,0
2019. 12. 21,0:00,2,0,2,1,0
2019. 12. 21,1:00,15,0,15,2,0
2019. 12. 21,4:00,0,0,0,0,0
2019. 12. 21,6:00,0,0,0,0,0
2019. 12. 21,7:00,97,0,88,30,78
2019. 12. 21,8:00,90,0,84,14,75
2019. 12. 21,9:00,98,0,89,36,86
2019. 12. 21,11:00,100,0,99,97,96
2019. 12. 21,12:00,100,0,99,96,99
2019. 12. 21,14:00,100,0,100,94,99
2019. 12. 21,16:00,44,0,22,16,27
2019. 12. 21,17:00,9,0,9,1,0
2019. 12. 21,19:00,16,0,16,1,0
2019. 12. 21,20:00,41,0,41,1,0
2019. 12. 21,21:00,36,0,36,0,0
2019. 12. 21,23:00,95,0,38,0,93
2019. 12. 22,0:00,98,0,25,0,98
2019. 12. 22,1:00,100,0,23,0,100
2019. 12. 22,3:00,100,0,6,0,100
2019. 12. 22,4:00,99,0,2,0,99
2019. 12. 22,6:00,100,0,3,0,100
2019. 12. 22,7:00,98,0,48,23,95
2019. 12. 22,8:00,98,0,42,20,97
2019. 12. 22,9:00,97,0,29,5,96
2019. 12. 22,11:00,54,0,12,5,47
2019. 12. 22,12:00,9,0,9,2,0
2019. 12. 22,14:00,9,0,7,2,0
2019. 12. 22,15:00,1,0,1,0,0
2019. 12. 22,17:00,74,0,27,72,0
2019. 12. 22,18:00,84,0,12,82,0
2019. 12. 22,19:00,99,0,14,99,0
2019. 12. 22,20:00,100,0,59,100,0
2019. 12. 22,21:00,100,0,89,100,0
2019. 12. 22,23:00,100,0,100,95,0
2019. 12. 23,1:00,85,0,77,66,0
2019. 12. 23,2:00,35,0,35,10,0
2019. 12. 23,4:00,20,0,20,9,0
2019. 12. 23,5:00,12,0,12,0,0
2019. 12. 23,6:00,98,38,98,0,0
2019. 12. 23,7:00,95,4,95,0,0
2019. 12. 23,8:00,100,26,100,0,0
2019. 12. 24,9:00,0,0,0,0,0
2019. 12. 24,10:00,0,0,0,0,0
2019. 12. 24,10:00,0,0,0,0,0
2019. 12. 24,12:00,0,0,0,0,0
2019. 12. 24,13:00,0,0,0,0,0
2019. 12. 24,14:00,0,0,0,0,0
2019. 12. 24,15:00,0,0,0,0,0
2019. 12. 24,16:00,0,0,0,0,0
2019. 12. 24,18:00,0,0,0,0,0
2019. 12. 24,19:00,0,0,0,0,0
2019. 12. 24,20:00,0,0,0,0,0
2019. 12. 24,21:00,0,0,0,0,0
2019. 12. 24,22:00,0,0,0,0,0
2019. 12. 25,1:00,0,0,0,0,0
2019. 12. 25,2:00,0,0,0,0,0
2019. 12. 25,4:00,38,0,0,0,38
2019. 12. 25,6:00,43,0,0,0,43
2019. 12. 25,7:00,89,0,0,8,89
2019. 12. 25,8:00,81,0,0,16,81
2019. 12. 25,10:00,98,0,0,95,94
2019. 12. 25,11:00,95,0,0,90,81
2019. 12. 25,12:00,99,0,0,77,98
2019. 12. 25,13:00,98,0,0,69,98
2019. 12. 25,14:00,99,0,0,62,99
2019. 12. 25,15:00,98,0,0,84,98
2019. 12. 25,16:00,99,0,0,82,98
2019. 12. 25,18:00,91,0,8,21,90
2019. 12. 25,20:00,98,0,0,2,98
2019. 12. 25,21:00,97,0,0,23,96
2019. 12. 25,22:00,93,0,2,4,93
2019. 12. 25,23:00,98,0,3,27,98
2019. 12. 26,0:00,99,0,17,29,98
2019. 12. 26,1:00,98,0,10,80,98
2019. 12. 26,2:00,98,0,6,91,98
2019. 12. 26,4:00,100,0,2,100,98
2019. 12. 26,5:00,99,0,2,97,88
2019. 12. 26,6:00,100,0,1,100,77
2019. 12. 26,8:00,100,0,0,100,97
2019. 12. 26,9:00,100,0,25,100,90
2019. 12. 26,10:00,100,0,51,100,88
2019. 12. 26,11:00,100,0,4,100,94
2019. 12. 26,12:00,100,0,77,98,99
2019. 12. 26,13:00,98,0,58,98,24
2019. 12. 26,15:00,45,0,2,44,0
2019. 12. 26,16:00,4,0,1,3,0
2019. 12. 26,17:00,0,0,0,0,0
2019. 12. 26,19:00,1,0,1,0,0
2019. 12. 26,20:00,2,0,2,0,0
2019. 12. 26,22:00,1,0,1,0,0
2019. 12. 26,23:00,1,0,1,0,0
2019. 12. 27,0:00,1,0,1,0,0
2019. 12. 27,2:00,0,0,0,0,0
2019. 12. 27,3:00,0,0,0,0,0
2019. 12. 27,5:00,0,0,0,0,0
2019. 12. 27,6:00,0,0,0,0,0
2019. 12. 27,8:00,0,0,0,0,0
2019. 12. 27,9:00,0,0,0,0,0
2019. 12. 27,11:00,0,0,0,0,0
2019. 12. 27,13:00,0,0,0,0,0
2019. 12. 27,16:00,0,0,0,0,0
2019. 12. 27,17:00,0,0,0,0,0
2019. 12. 27,18:00,0,0,0,0,0
2019. 12. 27,20:00,0,0,0,0,0
2019. 12. 27,22:00,2,0,1,1,0
2019. 12. 27,23:00,16,0,16,2,0
2019. 12. 28,0:00,41,0,40,9,0
2019. 12. 28,1:00,37,0,30,34,0
2019. 12. 28,2:00,38,0,15,38,0
2019. 12. 28,3:00,41,0,22,39,0
2019. 12. 28,4:00,69,0,67,47,0
2019. 12. 28,5:00,39,0,30,29,0
2019. 12. 28,6:00,9,0,9,6,0
2019. 12. 28,7:00,1,0,1,0,0
2019. 12. 28,9:00,0,0,0,0,0
2019. 12. 28,10:00,0,0,0,0,0
2019. 12. 28,11:00,0,0,0,0,0
2019. 12. 28,12:00,4,0,0,4,0
2019. 12. 28,14:00,62,0,59,60,0
2019. 12. 28,15:00,94,0,92,91,0
2019. 12. 28,16:00,96,0,91,94,0
2019. 12. 28,18:00,62,0,50,58,0
2019. 12. 28,19:00,3,0,1,2,0
2019. 12. 28,20:00,65,0,7,2,62
2019. 12. 28,22:00,100,0,68,1,100
2019. 12. 28,23:00,91,0,2,3,90
2019. 12. 29,0:00,84,0,0,2,84
2019. 12. 29,1:00,91,0,1,1,91
2019. 12. 29,2:00,95,0,1,1,95
2019. 12. 29,3:00,95,0,0,0,95
2019. 12. 29,4:00,98,0,0,25,98
2019. 12. 29,5:00,98,0,0,87,98
2019. 12. 29,6:00,99,0,0,93,99
2019. 12. 29,7:00,100,0,0,100,100
2019. 12. 29,8:00,100,0,0,100,100
2019. 12. 29,9:00,100,0,0,100,100
2019. 12. 29,10:00,100,0,0,100,100
2019. 12. 29,12:00,100,0,2,100,100
2019. 12. 29,14:00,100,0,18,100,100
2019. 12. 29,16:00,100,0,48,100,88
2019. 12. 29,18:00,100,0,0,100,25
2019. 12. 29,19:00,100,0,0,100,64
2019. 12. 29,21:00,100,0,1,100,3
2019. 12. 29,22:00,98,0,0,98,0
2019. 12. 29,23:00,100,0,0,100,0
2019. 12. 30,0:00,100,0,2,100,0
2019. 12. 30,1:00,99,0,1,99,0
2019. 12. 30,2:00,92,0,7,91,0
2019. 12. 30,3:00,40,0,4,39,0
2019. 12. 30,4:00,34,0,1,34,0
2019. 12. 30,5:00,59,0,3,59,0
2019. 12. 30,6:00,66,0,21,62,0
2019. 12. 30,8:00,54,0,25,49,0
2019. 12. 30,9:00,48,0,22,46,0
2019. 12. 30,10:00,61,0,56,38,0
2019. 12. 30,11:00,100,0,100,80,0
2019. 12. 30,12:00,100,0,100,94,0
2019. 12. 30,15:00,13,0,12,4,0
2019. 12. 30,16:00,5,0,5,0,0
2019. 12. 30,17:00,1,0,1,0,0
2019. 12. 30,18:00,1,0,1,0,0
2019. 12. 30,19:00,2,0,2,0,0
2019. 12. 30,21:00,16,0,16,0,0
2019. 12. 30,23:00,32,0,32,0,0
2019. 12. 30,23:00,32,0,32,0,0
2019. 12. 31,0:00,0,0,0,0,0
2019. 12. 31,2:00,0,0,0,0,0
2019. 12. 31,4:00,0,0,0,0,0
2019. 12. 31,5:00,0,0,0,0,0
2019. 12. 31,6:00,0,0,0,0,0
2019. 12. 31,8:00,0,0,0,0,0
2019. 12. 31,9:00,0,0,0,0,0
2019. 12. 31,10:00,0,0,0,0,0
2019. 12. 31,11:00,0,0,0,0,0
2019. 12. 31,13:00,0,0,0,0,0
2019. 12. 31,15:00,0,0,0,0,0
2019. 12. 31,16:00,0,0,0,0,0
2019. 12. 31,18:00,0,0,0,0,0
2019. 12. 31,20:00,2,0,2,0,0
2019. 12. 31,21:00,82,0,82,0,0
2019. 12. 31,22:00,88,0,88,0,0
2020. 1. 1,0:00,77,0,77,0,0
2020. 1. 1,2:00,75,0,75,0,0
2020. 1. 1,4:00,94,0,94,0,0
2020. 1. 1,5:00,85,0,85,0,0
2020. 1. 1,6:00,79,0,79,0,0
2020. 1. 1,7:00,83,0,83,0,0
2020. 1. 1,8:00,80,0,80,0,0
2020. 1. 1,9:00,69,0,69,0,0
2020. 1. 1,10:00,59,0,59,0,0
2020. 1. 1,12:00,77,0,77,0,0
2020. 1. 1,13:00,76,0,76,0,0
2020. 1. 1,14:00,73,0,73,0,0
2020. 1. 1,15:00,52,0,52,0,0
2020. 1. 1,18:00,84,0,84,0,0
2020. 1. 1,19:00,88,0,88,0,0
2020. 1. 1,21:00,67,0,67,0,0
2020. 1. 1,22:00,73,0,73,0,0
2020. 1. 2,0:00,78,0,78,0,0
2020. 1. 2,1:00,80,0,80,0,0
2020. 1. 2,3:00,82,0,82,0,0
2020. 1. 2,4:00,90,0,90,0,0
2020. 1. 2,5:00,89,0,89,0,0
2020. 1. 2,6:00,84,0,84,0,0
2020. 1. 2,7:00,80,0,80,0,0
2020. 1. 2,8:00,72,0,72,0,0
2020. 1. 2,10:00,46,0,46,0,0
2020. 1. 2,11:00,78,0,78,0,0
2020. 1. 2,13:00,93,0,93,0,0
2020. 1. 2,14:00,88,0,88,0,0
2020. 1. 2,15:00,83,0,83,0,0
2020. 1. 2,18:00,0,0,0,0,0
2020. 1. 2,19:00,1,0,1,0,0
2020. 1. 2,20:00,1,0,1,0,0
2020. 1. 2,21:00,1,0,0,0,0
2020. 1. 2,22:00,21,0,0,21,0
2020. 1. 3,0:00,2,0,2,0,0
2020. 1. 3,3:00,0,0,0,0,0
2020. 1. 3,4:00,0,0,0,0,0
2020. 1. 3,5:00,0,0,0,0,0
2020. 1. 3,6:00,0,0,0,0,0
2020. 1. 3,7:00,0,0,0,0,0
2020. 1. 3,8:00,0,0,0,0,0
2020. 1. 3,9:00,0,0,0,0,0
2020. 1. 3,11:00,0,0,0,0,0
2020. 1. 3,12:00,0,0,0,0,0
2020. 1. 3,13:00,0,0,0,0,0
2020. 1. 3,15:00,0,0,0,0,0
2020. 1. 3,16:00,0,0,0,0,0
2020. 1. 3,19:00,0,0,0,0,0
2020. 1. 3,20:00,0,0,0,0,0
2020. 1. 3,21:00,0,0,0,0,0
2020. 1. 3,23:00,0,0,0,0,0
2020. 1. 4,0:00,0,0,0,0,0
2020. 1. 4,1:00,0,0,0,0,0
2020. 1. 4,2:00,1,0,0,0,1
2020. 1. 4,3:00,9,0,9,0,0
2020. 1. 4,4:00,47,0,47,0,0
2020. 1. 4,5:00,61,0,61,0,0
2020. 1. 4,7:00,70,0,37,0,54
2020. 1. 4,8:00,29,0,29,0,0
2020. 1. 4,9:00,27,0,27,0,0
2020. 1. 4,10:00,28,0,28,0,0
2020. 1. 4,11:00,9,0,9,0,0
2020. 1. 4,12:00,2,0,2,0,0
2020. 1. 4,13:00,0,0,0,0,0
2020. 1. 4,14:00,0,0,0,0,0
2020. 1. 4,15:00,0,0,0,0,0
2020. 1. 4,16:00,0,0,0,0,0
2020. 1. 4,18:00,0,0,0,0,0
2020. 1. 4,19:00,0,0,0,0,0
2020. 1. 4,21:00,0,0,0,0,0
2020. 1. 4,23:00,0,0,0,0,0
2020. 1. 5,0:00,0,0,0,0,0
2020. 1. 5,1:00,0,0,0,0,0
2020. 1. 5,2:00,0,0,0,0,0
2020. 1. 5,3:00,0,0,0,0,0
2020. 1. 5,4:00,0,0,0,0,0
2020. 1. 5,5:00,0,0,0,0,0
2020. 1. 5,6:00,0,0,0,0,0
2020. 1. 5,8:00,0,0,0,0,0
2020. 1. 5,9:00,0,0,0,0,0
2020. 1. 5,10:00,0,0,0,0,0
2020. 1. 5,11:00,0,0,0,0,0
2020. 1. 5,14:00,98,0,0,0,98
2020. 1. 5,15:00,100,0,0,0,100
2020. 1. 5,16:00,100,0,0,0,100
2020. 1. 5,17:00,100,0,0,0,100
2020. 1. 5,18:00,100,0,0,0,100
2020. 1. 5,19:00,100,0,0,0,100
2020. 1. 5,21:00,92,0,0,3,92
2020. 1. 5,23:00,96,0,0,59,96
2020. 1. 6,0:00,89,0,0,61,84
2020. 1. 6,1:00,88,0,0,34,87
2020. 1. 6,2:00,100,0,0,89,100
2020. 1. 6,4:00,100,0,0,100,98
2020. 1. 6,5:00,97,0,0,97,2
2020. 1. 6,6:00,88,0,0,88,0
2020. 1. 6,8:00,100,0,0,100,0
2020. 1. 6,10:00,100,0,95,100,0
2020. 1. 6,12:00,98,0,70,98,0
2020. 1. 6,13:00,98,0,95,98,0
2020. 1. 6,15:00,100,0,78,100,0
2020. 1. 6,16:00,100,0,100,100,2
2020. 1. 6,17:00,100,0,100,100,99
2020. 1. 6,18:00,100,0,100,100,96
2020. 1. 6,19:00,100,0,100,100,98
2020. 1. 6,20:00,100,0,100,100,99
2020. 1. 6,21:00,100,0,100,100,100
2020. 1. 6,22:00,100,0,100,100,100
2020. 1. 7,0:00,100,0,100,100,98
2020. 1. 7,1:00,100,0,100,100,98
2020. 1. 7,2:00,100,0,100,100,98
2020. 1. 7,3:00,100,0,100,100,99
2020. 1. 7,4:00,100,0,100,100,99
2020. 1. 7,5:00,100,0,100,100,100
2020. 1. 7,6:00,100,0,100,100,100
2020. 1. 7,7:00,100,0,100,100,94
2020. 1. 7,8:00,100,0,100,100,92
2020. 1. 7,9:00,100,0,100,100,97
2020. 1. 7,10:00,100,0,100,100,94
2020. 1. 7,11:00,100,0,100,97,98
2020. 1. 7,13:00,100,0,100,100,98
2020. 1. 7,14:00,100,0,100,100,98
2020. 1. 7,15:00,100,0,100,100,99
2020. 1. 7,17:00,100,0,100,99,99
2020. 1. 7,18:00,100,0,100,99,98
2020. 1. 7,20:00,100,0,100,98,99
2020. 1. 7,21:00,100,0,100,100,98
2020. 1. 7,22:00,100,0,100,98,64
2020. 1. 7,23:00,100,0,100,88,20
2020. 1. 8,0:00,100,0,100,100,36
2020. 1. 8,1:00,100,0,100,97,41
2020. 1. 8,2:00,100,0,100,93,85
2020. 1. 8,3:00,100,76,100,100,94
2020. 1. 8,4:00,100,64,100,100,93
2020. 1. 8,6:00,99,0,23,98,69
2020. 1. 8,7:00,99,0,12,98,14
2020. 1. 8,8:00,99,0,9,99,3
2020. 1. 8,9:00,99,0,13,99,0
2020. 1. 8,10:00,85,0,57,79,0
2020. 1. 8,11:00,84,0,84,5,0
2020. 1. 8,13:00,98,0,72,96,0
2020. 1. 8,14:00,88,0,9,88,0
2020. 1. 8,16:00,47,0,47,2,0
2020. 1. 8,17:00,46,0,46,0,0
2020. 1. 8,19:00,2,0,2,0,0
2020. 1. 8,20:00,1,0,1,0,0
2020. 1. 8,21:00,0,0,0,0,0
2020. 1. 8,22:00,0,0,0,0,0
2020. 1. 8,23:00,0,0,0,0,0
2020. 1. 9,0:00,0,0,0,0,0
2020. 1. 9,1:00,1,0,1,0,0
2020. 1. 9,3:00,0,0,0,0,0
2020. 1. 9,4:00,0,0,0,0,0
2020. 1. 9,5:00,0,0,0,0,0
2020. 1. 9,7:00,0,0,0,0,0
2020. 1. 9,8:00,0,0,0,0,0
2020. 1. 9,10:00,0,0,0,0,0
2020. 1. 9,11:00,0,0,0,0,0
2020. 1. 9,13:00,0,0,0,0,0
2020. 1. 9,14:00,0,0,0,0,0
2020. 1. 9,15:00,0,0,0,0,0
2020. 1. 9,17:00,0,0,0,0,0
2020. 1. 9,18:00,0,0,0,0,0
2020. 1. 9,19:00,0,0,0,0,0
2020. 1. 9,20:00,0,0,0,0,0
2020. 1. 9,21:00,0,0,0,0,0
2020. 1. 9,23:00,0,0,0,0,0
2020. 1. 10,0:00,0,0,0,0,0
2020. 1. 10,1:00,26,0,0,0,26
2020. 1. 10,3:00,86,0,0,0,86
2020. 1. 10,4:00,95,0,0,0,95
2020. 1. 10,5:00,100,0,0,0,100
2020. 1. 10,7:00,98,0,0,94,97
2020. 1. 10,8:00,95,0,0,90,94
2020. 1. 10,9:00,94,0,0,92,90
2020. 1. 10,11:00,41,0,0,41,0
2020. 1. 10,13:00,1,0,0,1,0
2020. 1. 10,14:00,0,0,0,0,0
2020. 1. 10,16:00,85,0,0,0,85
2020. 1. 10,18:00,1,0,0,0,1
2020. 1. 10,19:00,17,0,0,0,17
2020. 1. 10,20:00,10,0,0,0,10
2020. 1. 10,21:00,1,0,0,0,1
2020. 1. 10,22:00,45,0,10,0,39
2020. 1. 11,0:00,68,0,0,0,68
2020. 1. 11,1:00,62,0,0,0,62
2020. 1. 11,2:00,2,0,0,0,1
2020. 1. 11,3:00,5,0,5,0,0
2020. 1. 11,5:00,6,0,6,0,0
2020. 1. 11,6:00,23,0,23,0,0
2020. 1. 11,7:00,0,0,0,0,0
2020. 1. 11,8:00,0,0,0,0,0
2020. 1. 11,9:00,0,0,0,0,0
2020. 1. 11,10:00,0,0,0,0,0
2020. 1. 11,11:00,0,0,0,0,0
2020. 1. 11,12:00,0,0,0,0,0
2020. 1. 11,13:00,77,0,0,0,77
2020. 1. 11,15:00,82,0,0,1,82
2020. 1. 11,16:00,91,0,0,58,90
2020. 1. 11,18:00,93,0,0,88,88
2020. 1. 11,19:00,100,0,0,100,99
2020. 1. 11,20:00,99,0,0,98,99
2020. 1. 11,22:00,99,0,0,97,99
2020. 1. 12,0:00,100,0,0,100,98
2020. 1. 12,2:00,100,0,0,100,95
2020. 1. 12,3:00,96,0,0,96,73
2020. 1. 12,4:00,84,0,0,84,1
2020. 1. 12,5:00,22,0,0,22,0
2020. 1. 12,6:00,36,0,0,36,0
2020. 1. 12,7:00,80,0,0,80,0
2020. 1. 12,8:00,94,0,0,94,0
2020. 1. 12,9:00,39,0,0,39,0
2020. 1. 12,11:00,21,0,0,21,0
2020. 1. 12,12:00,22,0,0,22,0
2020. 1. 12,13:00,29,0,0,29,0
2020. 1. 12,14:00,28,0,2,27,0
2020. 1. 12,15:00,11,0,0,11,0
2020. 1. 12,18:00,5,0,0,5,0
2020. 1. 12,20:00,0,0,0,0,0
2020. 1. 12,21:00,0,0,0,0,0
2020. 1. 12,22:00,0,0,0,0,0
2020. 1. 12,23:00,0,0,0,0,0
2020. 1. 13,0:00,0,0,0,0,0
2020. 1. 13,1:00,0,0,0,0,0
2020. 1. 13,2:00,0,0,0,0,0
2020. 1. 13,3:00,0,0,0,0,0
2020. 1. 13,4:00,0,0,0,0,0
2020. 1. 13,6:00,1,0,1,0,0
2020. 1. 13,7:00,2,0,2,0,0
2020. 1. 13,9:00,1,0,1,0,0
2020. 1. 13,10:00,0,0,0,0,0
2020. 1. 13,12:00,0,0,0,0,0
2020. 1. 13,13:00,0,0,0,0,0
2020. 1. 13,15:00,0,0,0,0,0
2020. 1. 13,17:00,0,0,0,0,0
2020. 1. 13,18:00,0,0,0,0,0
2020. 1. 13,19:00,18,0,0,18,0
2020. 1. 13,22:00,12,0,34,0,0
2020. 1. 13,23:00,34,0,34,0,0
2020. 1. 14,0:00,0,0,0,0,0
2020. 1. 14,2:00,69,0,69,9,0
2020. 1. 14,3:00,97,0,97,29,0
2020. 1. 14,4:00,92,0,92,7,0
2020. 1. 14,6:00,0,0,0,0,0
2020. 1. 14,7:00,0,0,0,0,0
2020. 1. 14,8:00,0,0,0,0,0
2020. 1. 14,10:00,1,0,1,0,0
2020. 1. 14,11:00,0,0,0,0,0
2020. 1. 14,12:00,0,0,0,0,0
2020. 1. 14,14:00,0,0,0,0,0
2020. 1. 14,15:00,0,0,0,0,0
2020. 1. 14,17:00,0,0,0,0,0
2020. 1. 14,18:00,0,0,0,0,0
2020. 1. 14,19:00,0,0,0,0,0
2020. 1. 14,20:00,0,0,0,0,0
2020. 1. 14,21:00,0,0,0,0,0
2020. 1. 14,22:00,0,0,0,0,0
2020. 1. 14,23:00,0,0,0,0,0
2020. 1. 15,0:00,0,0,0,0,0
2020. 1. 15,1:00,0,0,0,0,0
2020. 1. 15,2:00,0,0,0,0,0
2020. 1. 15,4:00,0,0,0,0,0
2020. 1. 15,5:00,0,0,0,0,0
2020. 1. 15,6:00,0,0,0,0,0
2020. 1. 15,7:00,0,0,0,0,0
2020. 1. 15,10:00,0,0,0,0,0
2020. 1. 15,12:00,0,0,0,0,0
2020. 1. 15,14:00,0,0,0,0,0
2020. 1. 15,15:00,0,0,0,0,0
2020. 1. 15,16:00,0,0,0,0,0
2020. 1. 15,17:00,0,0,0,0,0
2020. 1. 15,18:00,0,0,0,0,0
2020. 1. 15,20:00,0,0,0,0,0
2020. 1. 15,21:00,0,0,0,0,0
2020. 1. 15,22:00,35,0,0,0,35
2020. 1. 15,23:00,53,0,0,0,53
2020. 1. 16,0:00,77,0,0,0,77
2020. 1. 16,1:00,89,0,0,0,89
2020. 1. 16,2:00,86,0,0,0,86
2020. 1. 16,3:00,92,0,0,1,92
2020. 1. 16,4:00,85,0,0,9,85
2020. 1. 16,5:00,73,0,0,12,72
2020. 1. 16,6:00,89,0,0,13,88
2020. 1. 16,7:00,94,0,0,17,94
2020. 1. 16,8:00,93,0,0,47,93
2020. 1. 16,9:00,80,0,0,20,80
2020. 1. 16,10:00,64,0,0,1,64
2020. 1. 16,11:00,36,0,0,0,36
2020. 1. 16,13:00,0,0,0,0,0
2020. 1. 16,14:00,0,0,0,0,0
2020. 1. 16,15:00,14,0,0,0,14
2020. 1. 16,17:00,99,0,0,0,99
2020. 1. 16,18:00,97,0,0,0,97
2020. 1. 16,19:00,98,0,0,0,98
2020. 1. 16,20:00,98,0,0,0,98
2020. 1. 16,21:00,98,0,0,0,98
2020. 1. 16,22:00,99,0,0,0,99
2020. 1. 16,23:00,99,0,0,0,99
2020. 1. 17,0:00,97,0,0,0,97
2020. 1. 17,1:00,99,0,0,0,99
2020. 1. 17,2:00,99,0,0,0,99
2020. 1. 17,3:00,99,0,0,0,99
2020. 1. 17,4:00,99,0,0,3,99
2020. 1. 17,5:00,97,0,0,13,97
2020. 1. 17,6:00,96,0,0,18,96
2020. 1. 17,8:00,98,0,0,61,98
2020. 1. 17,9:00,98,0,0,79,98
2020. 1. 17,11:00,73,0,0,70,59
2020. 1. 17,12:00,50,0,0,48,22
2020. 1. 17,13:00,13,0,0,3,12
2020. 1. 17,14:00,30,0,0,2,30
2020. 1. 17,16:00,41,0,0,41,0
2020. 1. 17,17:00,32,0,0,30,5
2020. 1. 17,18:00,18,0,0,12,12
2020. 1. 17,19:00,79,0,70,48,25
2020. 1. 17,20:00,85,0,69,76,50
2020. 1. 17,21:00,97,0,85,94,79
2020. 1. 17,22:00,98,0,91,97,87
2020. 1. 18,0:00,91,0,9,88,84
2020. 1. 18,2:00,90,0,5,89,23
2020. 1. 18,3:00,93,0,6,92,0
2020. 1. 18,4:00,80,0,6,79,0
2020. 1. 18,6:00,40,0,4,38,0
2020. 1. 18,7:00,16,0,0,16,0
2020. 1. 18,9:00,10,0,0,10,0
2020. 1. 18,10:00,0,0,0,0,0
2020. 1. 18,11:00,0,0,0,0,0
2020. 1. 18,12:00,0,0,0,0,0
2020. 1. 18,13:00,0,0,0,0,0
2020. 1. 18,14:00,0,0,0,0,0
2020. 1. 18,17:00,0,0,0,0,0
2020. 1. 18,18:00,0,0,0,0,0
2020. 1. 18,19:00,0,0,0,0,0
2020. 1. 18,20:00,1,0,0,0,1
2020. 1. 18,22:00,93,0,0,92,49
2020. 1. 19,0:00,95,0,0,86,91
2020. 1. 19,1:00,98,0,0,66,96
2020. 1. 19,3:00,99,0,0,88,98
2020. 1. 19,5:00,98,0,87,62,88
2020. 1. 19,6:00,94,0,89,57,0
2020. 1. 19,7:00,91,0,59,87,0
2020. 1. 19,8:00,91,0,42,90,0
2020. 1. 19,9:00,84,0,31,82,0
2020. 1. 19,10:00,69,0,59,60,0
2020. 1. 19,11:00,32,0,26,14,0
2020. 1. 19,12:00,50,0,7,48,0
2020. 1. 19,13:00,41,0,30,37,0
2020. 1. 19,14:00,10,0,9,1,0
2020. 1. 19,15:00,41,0,41,0,0
2020. 1. 19,16:00,18,0,18,0,0
2020. 1. 19,18:00,7,0,7,0,0
2020. 1. 19,20:00,6,0,6,0,0
2020. 1. 19,21:00,2,0,2,0,0
2020. 1. 19,23:00,2,0,2,0,0
2020. 1. 20,0:00,0,0,0,0,0
2020. 1. 20,1:00,6,0,6,0,0
2020. 1. 20,2:00,52,0,52,3,0
2020. 1. 20,3:00,94,0,94,18,0
2020. 1. 20,4:00,92,0,92,15,0
2020. 1. 20,5:00,5,0,5,0,0
2020. 1. 20,7:00,1,0,1,0,0
2020. 1. 20,8:00,0,0,0,0,0
2020. 1. 20,8:00,0,0,0,0,0
2020. 1. 20,9:00,0,0,0,0,0
2020. 1. 20,11:00,12,0,6,11,0
2020. 1. 20,12:00,13,0,12,9,0
2020. 1. 20,14:00,52,0,52,4,0
2020. 1. 20,16:00,9,0,9,1,0
2020. 1. 20,18:00,0,0,0,0,0
2020. 1. 20,19:00,1,0,1,0,0
2020. 1. 20,20:00,0,0,0,0,0
2020. 1. 20,21:00,0,0,0,0,0
2020. 1. 20,22:00,0,0,0,0,0
2020. 1. 21,23:00,0,0,0,0,0
2020. 1. 21,0:00,0,0,0,0,0
2020. 1. 21,2:00,0,0,0,0,0
2020. 1. 21,4:00,0,0,0,0,0
2020. 1. 21,5:00,0,0,0,0,0
2020. 1. 21,6:00,0,0,0,0,0
2020. 1. 21,7:00,0,0,0,0,0
2020. 1. 21,8:00,0,0,0,0,0
2020. 1. 21,9:00,73,0,0,0,73
2020. 1. 21,10:00,93,0,0,0,93
2020. 1. 21,11:00,94,0,0,0,94
2020. 1. 21,12:00,92,0,0,0,92
2020. 1. 21,14:00,87,0,0,14,87
2020. 1. 21,15:00,49,0,0,49,0
2020. 1. 21,17:00,62,0,0,0,62
2020. 1. 21,19:00,94,0,0,6,94
2020. 1. 21,20:00,88,0,0,34,86
2020. 1. 21,21:00,100,0,0,74,99
2020. 1. 21,22:00,100,0,0,97,100
2020. 1. 22,0:00,99,0,0,98,98
2020. 1. 22,2:00,100,0,0,100,100
2020. 1. 22,4:00,90,0,0,90,0
2020. 1. 22,5:00,92,0,0,92,0
2020. 1. 22,7:00,94,0,0,94,0
2020. 1. 22,8:00,94,0,0,94,0
2020. 1. 22,9:00,89,0,2,89,0
2020. 1. 22,10:00,48,0,2,48,0
2020. 1. 22,11:00,70,0,0,70,0
2020. 1. 22,12:00,93,0,0,93,0
2020. 1. 22,13:00,17,0,0,17,0
2020. 1. 22,14:00,7,0,0,7,0
2020. 1. 22,15:00,1,0,0,0,1
2020. 1. 22,17:00,100,0,0,0,100
2020. 1. 22,19:00,100,0,0,0,100
2020. 1. 22,21:00,100,0,0,0,100
2020. 1. 22,22:00,100,0,0,0,100
2020. 1. 22,23:00,100,0,0,0,100
2020. 1. 23,0:00,99,0,0,9,99
2020. 1. 23,1:00,100,0,0,77,100
2020. 1. 23,2:00,95,0,0,91,94
2020. 1. 23,3:00,92,0,0,91,56
2020. 1. 23,4:00,96,0,0,59,95
2020. 1. 23,5:00,84,0,0,66,79
2020. 1. 23,7:00,0,0,0,0,0
2020. 1. 23,8:00,0,0,0,0,0
2020. 1. 23,9:00,0,0,0,0,0
2020. 1. 23,10:00,0,0,0,0,0
2020. 1. 23,11:00,0,0,0,0,0
2020. 1. 23,12:00,0,0,0,0,0
2020. 1. 23,14:00,0,0,0,0,0
2020. 1. 23,15:00,0,0,0,0,0
2020. 1. 23,17:00,0,0,0,0,0
2020. 1. 23,18:00,1,0,0,0,1
2020. 1. 23,19:00,0,0,0,0,0
2020. 1. 23,20:00,2,0,0,0,2
2020. 1. 24,22:00,99,0,0,0,99
2020. 1. 24,0:00,23,0,18,0,6
2020. 1. 24,1:00,47,0,34,0,20
2020. 1. 24,2:00,84,0,43,0,73
2020. 1. 24,5:00,12,0,12,0,0
2020. 1. 24,6:00,25,0,22,0,4
2020. 1. 24,7:00,1,0,1,0,0
2020. 1. 24,9:00,5,0,0,0,5
2020. 1. 24,10:00,81,0,0,0,81
2020. 1. 24,11:00,79,0,0,0,79
2020. 1. 24,12:00,79,0,0,0,79
2020. 1. 24,13:00,70,0,0,0,70
2020. 1. 24,15:00,98,0,0,0,98
2020. 1. 24,17:00,99,0,0,23,98
2020. 1. 24,18:00,98,0,0,37,98
2020. 1. 24,19:00,85,0,0,46,92
2020. 1. 24,21:00,92,0,0,0,92
2020. 1. 24,22:00,92,0,0,0,92
2020. 1. 25,0:00,69,0,1,0,69
2020. 1. 25,2:00,78,0,30,0,69
2020. 1. 25,3:00,93,0,38,0,89
2020. 1. 25,4:00,96,0,48,16,93
2020. 1. 25,6:00,98,0,62,4,97
2020. 1. 25,7:00,100,0,99,0,97
2020. 1. 25,8:00,100,0,86,0,98
2020. 1. 25,9:00,99,0,96,0,84
2020. 1. 25,10:00,100,0,89,2,96
2020. 1. 25,11:00,99,0,74,32,98
2020. 1. 25,12:00,97,0,32,35,95
2020. 1. 25,14:00,99,0,48,6,98
2020. 1. 25,15:00,98,0,12,36,98
2020. 1. 25,16:00,98,0,7,56,95
2020. 1. 25,19:00,90,0,2,0,90
2020. 1. 25,20:00,99,0,1,0,99
2020. 1. 25,21:00,96,0,1,0,96
2020. 1. 25,22:00,93,0,1,0,93
2020. 1. 26,0:00,98,0,6,0,98
2020. 1. 26,2:00,99,0,2,0,99
2020. 1. 26,3:00,97,0,2,0,97
2020. 1. 26,4:00,99,0,2,0,99
2020. 1. 26,5:00,100,0,3,0,100
2020. 1. 26,6:00,100,0,6,0,100
2020. 1. 26,7:00,1,0,0,0,1
2020. 1. 26,8:00,3,0,0,0,3
2020. 1. 26,9:00,18,0,0,0,18
2020. 1. 26,10:00,100,0,0,0,100
2020. 1. 26,12:00,85,0,2,0,84
2020. 1. 26,13:00,100,0,3,0,100
2020. 1. 26,14:00,100,0,1,0,100
2020. 1. 26,15:00,99,0,0,0,99
2020. 1. 26,17:00,100,0,3,1,100
2020. 1. 26,19:00,100,0,6,2,100
2020. 1. 26,21:00,100,0,2,2,100
2020. 1. 26,23:00,100,0,3,5,100
2020. 1. 27,0:00,100,0,6,77,100
2020. 1. 27,2:00,100,0,4,94,100
2020. 1. 27,3:00,100,0,3,94,100
2020. 1. 27,4:00,100,0,1,97,100
2020. 1. 27,5:00,100,0,1,100,100
2020. 1. 27,6:00,100,0,0,100,100
2020. 1. 27,7:00,100,0,0,100,100
2020. 1. 27,8:00,100,0,2,100,100
2020. 1. 27,9:00,100,0,2,100,100
2020. 1. 27,11:00,100,0,1,94,100
2020. 1. 27,12:00,100,0,3,99,100
2020. 1. 27,13:00,100,0,2,100,100
2020. 1. 27,14:00,100,0,0,100,100
2020. 1. 27,15:00,100,0,1,99,100
2020. 1. 27,16:00,100,0,0,99,100
2020. 1. 27,17:00,100,0,0,100,100
2020. 1. 27,18:00,100,0,0,100,100
2020. 1. 27,19:00,100,0,0,100,100
2020. 1. 27,20:00,100,0,0,100,100
2020. 1. 27,22:00,100,0,0,100,100
2020. 1. 27,23:00,100,0,0,100,100
2020. 1. 28,0:00,100,0,0,100,100
2020. 1. 28,2:00,100,0,0,100,99
2020. 1. 28,3:00,100,0,0,100,98
2020. 1. 28,4:00,100,0,0,100,95
2020. 1. 28,5:00,100,0,0,100,59
2020. 1. 28,7:00,100,0,0,100,4
2020. 1. 28,8:00,99,0,0,99,0
2020. 1. 28,9:00,99,0,0,99,0
2020. 1. 28,10:00,98,0,0,98,0
2020. 1. 28,11:00,97,0,56,95,0
2020. 1. 28,12:00,97,0,57,96,0
2020. 1. 28,13:00,98,0,80,96,0
2020. 1. 28,15:00,98,0,29,98,0
2020. 1. 28,16:00,100,0,8,100,0
2020. 1. 28,17:00,95,0,9,95,0
2020. 1. 28,18:00,93,0,9,93,2
2020. 1. 28,20:00,37,0,3,1,35
2020. 1. 28,21:00,37,0,2,7,34
2020. 1. 28,22:00,54,0,0,9,53
2020. 1. 29,0:00,30,0,0,6,29
2020. 1. 29,2:00,30,0,0,20,23
2020. 1. 29,3:00,40,0,0,27,27
2020. 1. 29,4:00,81,0,0,20,79
2020. 1. 29,5:00,96,0,0,23,95
2020. 1. 29,6:00,94,0,0,27,93
2020. 1. 29,7:00,97,0,0,93,94
2020. 1. 29,8:00,98,0,0,96,91
2020. 1. 29,9:00,98,0,0,96,91
2020. 1. 29,11:00,96,0,2,96,94
2020. 1. 29,12:00,98,0,2,96,94
2020. 1. 29,13:00,98,0,72,96,94
2020. 1. 29,14:00,99,0,72,96,94
2020. 1. 29,16:00,99,0,71,98,94
2020. 1. 29,17:00,99,0,30,98,94
2020. 1. 29,18:00,98,0,38,98,77
2020. 1. 29,19:00,96,0,26,91,87
2020. 1. 29,20:00,93,0,2,53,62
2020. 1. 29,21:00,71,0,2,53,62
2020. 1. 29,22:00,51,0,0,46,33
2020. 1. 29,23:00,57,0,20,48,19
2020. 1. 30,0:00,73,0,27,64,15
2020. 1. 30,1:00,59,0,23,48,20
2020. 1. 30,2:00,49,0,16,41,19
2020. 1. 30,3:00,56,0,13,52,17
2020. 1. 30,5:00,90,0,9,88,35
2020. 1. 30,7:00,71,0,0,69,20
2020. 1. 30,8:00,66,0,0,62,17
2020. 1. 30,9:00,38,0,0,37,9
2020. 1. 30,10:00,48,0,0,44,12
2020. 1. 30,11:00,48,0,37,23,16
2020. 1. 30,12:00,100,0,100,97,5
2020. 1. 30,13:00,100,0,100,95,0
2020. 1. 30,14:00,97,0,96,88,0
2020. 1. 30,15:00,95,0,94,92,0
2020. 1. 30,17:00,94,0,92,78,0
2020. 1. 30,18:00,86,0,84,80,0
2020. 1. 30,20:00,99,0,96,98,0
2020. 1. 30,23:00,64,0,26,62,0
2020. 1. 31,0:00,40,0,27,34,0
2020. 1. 31,1:00,24,0,7,23,0
2020. 1. 31,3:00,25,0,22,12,0
2020. 1. 31,4:00,34,0,30,11,0
2020. 1. 31,5:00,41,0,38,14,0
2020. 1. 31,6:00,42,0,40,13,0
2020. 1. 31,7:00,62,0,62,6,0
2020. 1. 31,9:00,59,0,58,2,0
2020. 1. 31,11:00,41,0,41,7,0
2020. 1. 31,12:00,81,0,81,6,0
2020. 1. 31,13:00,99,0,99,7,0
2020. 1. 31,15:00,78,0,78,2,0
2020. 1. 31,16:00,61,0,61,2,0
2020. 1. 31,17:00,44,0,44,1,0
2020. 1. 31,18:00,2,0,2,0,0
2020. 1. 31,19:00,14,0,14,0,0
2020. 1. 31,20:00,8,0,8,0,0
2020. 1. 31,21:00,2,0,2,0,0
2020. 1. 31,23:00,0,0,0,0,0
2020. 3. 10,22:00,0,0,0,0,0
2020. 3. 10,23:00,0,0,0,0,0
2020. 3. 10,0:00,0,0,0,0,0
2020. 3. 11,1:00,0,0,0,0,0
2020. 3. 11,2:00,0,0,0,0,0
2020. 3. 11,3:00,0,0,0,0,0
2020. 3. 11,4:00,0,0,0,0,0
2020. 3. 11,5:00,0,0,0,0,0
2020. 3. 11,6:00,0,0,0,0,0
2020. 3. 11,7:00,0,0,0,0,0
2020. 3. 11,8:00,0,0,0,0,0
2020. 3. 11,9:00,0,0,0,0,0
2020. 3. 11,10:00,0,0,0,0,0
2020. 3. 11,11:00,0,0,0,0,0
2020. 3. 11,12:00,0,0,0,0,0
2020. 3. 11,13:00,0,0,0,0,0
2020. 3. 11,14:00,0,0,0,0,0
2020. 3. 11,15:00,0,0,0,0,0
2020. 3. 11,16:00,0,0,0,0,0
2020. 3. 11,17:00,0,0,0,0,0
2020. 3. 11,18:00,0,0,0,0,0
2020. 3. 11,19:00,0,0,0,0,0
2020. 3. 11,20:00,0,0,0,0,0
2020. 3. 11,21:00,0,0,0,0,0
2020. 3. 11,22:00,0,0,0,0,0
2020. 3. 11,23:00,0,0,0,0,0
2020. 3. 11,0:00,0,0,0,0,0
2020. 3. 12,1:00,0,0,0,0,0
2020. 3. 12,2:00,0,0,0,0,0
2020. 3. 12,3:00,0,0,0,0,0
2020. 3. 12,4:00,0,0,0,0,0
2020. 3. 12,5:00,0,0,0,0,0
2020. 3. 12,6:00,0,0,0,0,0
2020. 3. 12,7:00,8,0,8,2,0
2020. 3. 12,8:00,35,0,34,19,0
2020. 3. 12,9:00,26,0,25,12,0
2020. 3. 12,10:00,29,0,27,24,0
2020. 3. 12,11:00,23,0,22,18,0
2020. 3. 12,12:00,5,0,5,0,0
2020. 3. 12,13:00,23,0,1,0,22
2020. 3. 12,14:00,6,0,2,6,0
2020. 3. 12,15:00,20,0,2,20,0
2020. 3. 12,16:00,34,0,6,33,1
2020. 3. 12,17:00,29,0,2,29,0
2020. 3. 12,18:00,1,0,0,1,0
2020. 3. 12,19:00,2,0,0,2,0
2020. 3. 12,20:00,32,0,0,31,2
2020. 3. 12,21:00,52,0,27,10,41
2020. 3. 12,22:00,99,0,98,74,88
2020. 3. 12,23:00,100,0,100,91,88
2020. 3. 12,0:00,100,0,100,73,95
2020. 3. 13,1:00,100,0,100,96,16
2020. 3. 13,2:00,97,0,66,66,76
2020. 3. 13,3:00,99,0,4,97,95
2020. 3. 13,5:00,100,0,2,99,80
2020. 3. 13,6:00,99,0,2,98,80
2020. 3. 13,8:00,87,0,0,85,23
2020. 3. 13,9:00,93,0,0,89,69
2020. 3. 13,10:00,98,0,0,95,95
2020. 3. 13,11:00,95,0,0,91,91
2020. 3. 13,13:00,83,0,0,83,0
2020. 3. 13,15:00,62,0,0,0,62
2020. 3. 13,16:00,79,0,0,1,79
2020. 3. 13,17:00,35,0,0,8,34
2020. 3. 13,18:00,12,0,0,12,0
2020. 3. 13,19:00,0,0,0,0,0
2020. 3. 13,20:00,0,0,0,0,0
2020. 3. 13,21:00,0,0,0,0,0
2020. 3. 13,23:00,0,0,0,0,0
2020. 3. 13,0:00,0,0,0,0,0
2020. 3. 14,1:00,0,0,0,0,0
2020. 3. 14,2:00,0,0,0,0,0
2020. 3. 14,3:00,0,0,0,0,0
2020. 3. 14,4:00,0,0,0,0,0
2020. 3. 14,5:00,0,0,0,0,0
2020. 3. 14,8:00,35,0,0,0,35
2020. 3. 14,9:00,0,0,0,0,0
2020. 3. 14,10:00,0,0,0,0,0
2020. 3. 14,11:00,0,0,0,0,0
2020. 3. 14,12:00,2,0,0,2,0
2020. 3. 14,13:00,59,0,46,41,0
2020. 3. 14,14:00,44,0,34,28,0
2020. 3. 14,15:00,32,0,13,28,0
2020. 3. 14,16:00,28,0,15,21,0
2020. 3. 14,17:00,14,0,2,13,0
2020. 3. 14,18:00,6,0,2,6,0
2020. 3. 14,19:00,0,0,0,0,0
2020. 3. 14,20:00,1,0,1,0,0
2020. 3. 14,21:00,0,0,0,0,0
2020. 3. 14,22:00,0,0,0,0,0
2020. 3. 14,23:00,0,0,0,0,0
2020. 3. 14,0:00,0,0,0,0,0
2020. 3. 15,1:00,0,0,0,0,0
2020. 3. 15,2:00,0,0,0,0,0
2020. 3. 15,3:00,0,0,0,0,0
2020. 3. 15,4:00,21,0,0,21,0
2020. 3. 15,5:00,67,0,0,67,0
2020. 3. 15,6:00,96,0,0,96,0
2020. 3. 15,7:00,100,0,5,100,0
2020. 3. 15,8:00,39,0,1,39,0
2020. 3. 15,9:00,23,0,0,23,0
2020. 3. 15,10:00,23,0,2,23,0
2020. 3. 15,11:00,41,0,1,41,0
2020. 3. 15,12:00,34,0,4,34,0
2020. 3. 15,13:00,20,0,12,19,0
2020. 3. 15,14:00,10,0,2,10,0
2020. 3. 15,15:00,16,0,1,16,0
2020. 3. 15,16:00,30,0,4,30,0
2020. 3. 15,17:00,56,0,0,56,0
2020. 3. 15,19:00,0,0,0,0,0
2020. 3. 15,20:00,0,0,0,0,0
2020. 3. 15,21:00,0,0,0,0,0
2020. 3. 15,22:00,0,0,0,0,0
2020. 3. 15,0:00,0,0,0,0,0
2020. 3. 16,1:00,0,0,0,0,0
2020. 3. 16,2:00,0,0,0,0,0
2020. 3. 16,3:00,0,0,0,0,0
2020. 3. 16,4:00,0,0,0,0,0
2020. 3. 16,5:00,0,0,0,0,0
2020. 3. 16,6:00,0,0,0,0,0
2020. 3. 16,7:00,0,0,0,0,0
2020. 3. 16,8:00,0,0,0,0,0
2020. 3. 16,9:00,0,0,0,0,0
2020. 3. 16,10:00,0,0,0,0,0
2020. 3. 16,11:00,0,0,0,0,0
2020. 3. 16,12:00,0,0,0,0,0
2020. 3. 16,13:00,0,0,0,0,0
2020. 3. 16,14:00,0,0,0,0,0
2020. 3. 16,15:00,0,0,0,0,0
2020. 3. 16,16:00,0,0,0,0,0
2020. 3. 16,17:00,0,0,0,0,0
2020. 3. 16,18:00,0,0,0,0,0
2020. 3. 16,20:00,16,0,0,0,16
2020. 3. 16,21:00,0,0,0,0,0
2020. 3. 16,22:00,9,0,0,0,9
2020. 3. 16,23:00,1,0,1,0,0
2020. 3. 16,0:00,9,0,9,0,0
2020. 3. 17,1:00,28,0,27,6,0
2020. 3. 17,2:00,28,0,28,3,0
2020. 3. 17,3:00,34,0,34,1,0
2020. 3. 17,4:00,43,0,42,0,0
2020. 3. 17,5:00,78,0,78,0,0
2020. 3. 17,6:00,96,0,96,0,0
2020. 3. 17,9:00,100,0,100,71,0
2020. 3. 17,10:00,100,0,100,37,0
2020. 3. 17,11:00,98,0,98,21,0
2020. 3. 17,12:00,100,0,100,0,0
2020. 3. 17,14:00,44,0,38,20,0
2020. 3. 17,15:00,20,0,16,15,0
2020. 3. 17,16:00,5,0,1,4,0
2020. 3. 17,17:00,0,0,0,0,0
2020. 3. 17,18:00,0,0,0,0,0
2020. 3. 17,20:00,0,0,0,0,0
2020. 3. 17,21:00,0,0,0,0,0
2020. 3. 17,22:00,0,0,0,0,0
2020. 3. 17,23:00,0,0,0,0,0
2020. 3. 17,0:00,0,0,0,0,0
2020. 3. 18,1:00,39,39,39,0,0
2020. 3. 18,2:00,12,12,12,0,0
2020. 3. 18,3:00,51,40,51,0,0
2020. 3. 18,4:00,24,24,24,0,0
2020. 3. 18,5:00,0,0,0,0,0
2020. 3. 18,6:00,38,38,38,0,0
2020. 3. 18,7:00,100,100,100,0,0
2020. 3. 18,8:00,65,7,65,0,0
2020. 3. 18,9:00,0,0,0,0,0
2020. 3. 18,10:00,0,0,0,0,0
2020. 3. 18,11:00,0,0,0,0,0
2020. 3. 18,12:00,0,0,0,0,0
2020. 3. 18,13:00,0,0,0,0,0
2020. 3. 18,14:00,0,0,0,0,0
2020. 3. 18,15:00,0,0,0,0,0
2020. 3. 18,16:00,0,0,0,0,0
2020. 3. 18,17:00,0,0,0,0,0
2020. 3. 18,18:00,0,0,0,0,0
2020. 3. 18,19:00,0,0,0,0,0
2020. 3. 18,20:00,0,0,0,0,0
2020. 3. 18,21:00,0,0,0,0,0
2020. 3. 18,22:00,0,0,0,0,0
2020. 3. 18,23:00,0,0,0,0,0
2020. 3. 18,0:00,2,0,2,0,0
2020. 3. 19,1:00,4,0,4,0,0
2020. 3. 19,2:00,9,0,9,0,0
2020. 3. 19,3:00,18,0,18,0,0
2020. 3. 19,4:00,21,0,20,0,1
2020. 3. 19,5:00,35,0,14,31,1
2020. 3. 19,6:00,98,0,96,47,0
2020. 3. 19,7:00,93,0,93,1,0
2020. 3. 19,8:00,70,0,59,38,0
2020. 3. 19,10:00,35,0,34,4,0
2020. 3. 19,11:00,24,0,14,20,0
2020. 3. 19,12:00,23,0,2,23,0
2020. 3. 19,13:00,41,0,3,41,0
2020. 3. 19,14:00,35,0,0,35,0
2020. 3. 19,15:00,48,0,0,48,0
2020. 3. 19,16:00,41,0,0,41,0
2020. 3. 19,17:00,16,0,2,16,0
2020. 3. 19,18:00,2,0,2,2,0
2020. 3. 19,19:00,0,0,0,0,0
2020. 3. 19,20:00,0,0,0,0,0
2020. 3. 19,21:00,1,0,1,0,0
2020. 3. 19,22:00,0,0,0,0,0
2020. 3. 19,0:00,0,0,0,0,0
2020. 3. 20,0:00,0,0,0,0,0
2020. 3. 20,1:00,0,0,0,0,0
2020. 3. 20,2:00,0,0,0,0,0
2020. 3. 20,4:00,0,0,0,0,0
2020. 3. 20,5:00,0,0,0,0,0
2020. 3. 20,6:00,0,0,0,0,0
2020. 3. 20,7:00,0,0,0,0,0
2020. 3. 20,9:00,0,0,0,0,0
2020. 3. 20,10:00,0,0,0,0,0
2020. 3. 20,11:00,0,0,0,0,0
2020. 3. 20,12:00,0,0,0,0,0
2020. 3. 20,13:00,41,0,0,41,0
2020. 3. 20,14:00,66,0,0,66,0
2020. 3. 20,15:00,62,0,0,62,0
2020. 3. 20,16:00,6,0,0,0,6
2020. 3. 20,17:00,51,0,1,0,51
2020. 3. 20,18:00,31,0,1,22,20
2020. 3. 20,19:00,32,0,0,32,0
2020. 3. 20,20:00,62,0,0,62,0
2020. 3. 20,21:00,38,0,0,38,0
2020. 3. 20,22:00,57,0,0,43,42
2020. 3. 20,23:00,1,0,0,1,0
2020. 3. 21,0:00,0,0,0,0,0
2020. 3. 21,1:00,9,0,0,0,9
2020. 3. 21,2:00,5,0,5,0,0
2020. 3. 21,3:00,15,0,15,0,0
2020. 3. 21,4:00,28,0,28,0,0
2020. 3. 21,5:00,34,0,34,0,0
2020. 3. 21,6:00,32,0,32,0,0
2020. 3. 21,7:00,30,0,30,0,0
2020. 3. 21,8:00,33,0,33,0,0
2020. 3. 21,9:00,31,0,31,0,0
2020. 3. 21,10:00,60,0,59,0,2
2020. 3. 21,11:00,72,0,3,0,70
2020. 3. 21,12:00,91,0,1,0,90
2020. 3. 21,13:00,87,0,1,0,87
2020. 3. 21,15:00,34,0,0,20,26
2020. 3. 21,17:00,90,0,0,52,88
2020. 3. 21,18:00,94,0,9,29,91
2020. 3. 21,19:00,95,0,0,73,88
2020. 3. 21,20:00,79,0,12,75,22
2020. 3. 21,21:00,28,0,16,18,10
2020. 3. 21,22:00,7,0,1,1,7
2020. 3. 22,0:00,2,0,0,0,2
2020. 3. 22,1:00,0,0,0,0,0
2020. 3. 22,2:00,0,0,0,0,0
2020. 3. 22,3:00,0,0,0,0,0
2020. 3. 22,4:00,0,0,0,0,0
2020. 3. 22,5:00,0,0,0,0,0
2020. 3. 22,6:00,0,0,0,0,0
2020. 3. 22,7:00,0,0,0,0,0
2020. 3. 22,8:00,0,0,0,0,0
2020. 3. 22,9:00,0,0,0,0,0
2020. 3. 22,10:00,0,0,0,0,0
2020. 3. 22,11:00,0,0,0,0,0
2020. 3. 22,12:00,0,0,0,0,0
2020. 3. 22,13:00,0,0,0,0,0
2020. 3. 22,14:00,0,0,0,0,0
2020. 3. 22,15:00,0,0,0,0,0
2020. 3. 22,16:00,0,0,0,0,0
2020. 3. 22,17:00,0,0,0,0,0
2020. 3. 22,18:00,0,0,0,0,0
2020. 3. 22,19:00,0,0,0,0,0
2020. 3. 22,21:00,0,0,0,0,0
2020. 3. 22,22:00,0,0,0,0,0
2020. 3. 22,23:00,0,0,0,0,0
2020. 3. 23,0:00,0,0,0,0,0
2020. 3. 23,1:00,0,0,0,0,0
2020. 3. 23,2:00,0,0,0,0,0
2020. 3. 23,3:00,2,0,0,2,0
2020. 3. 23,4:00,0,0,0,0,0
2020. 3. 23,5:00,0,0,0,0,0
2020. 3. 23,6:00,0,0,0,0,0
2020. 3. 23,7:00,1,0,1,0,0
2020. 3. 23,9:00,1,0,1,0,0
2020. 3. 23,10:00,0,0,0,0,0
2020. 3. 23,12:00,2,0,2,0,0
2020. 3. 23,13:00,13,0,13,0,0
2020. 3. 23,14:00,40,0,40,1,0
2020. 3. 23,15:00,10,0,10,2,0
2020. 3. 23,16:00,0,0,0,0,0
2020. 3. 23,17:00,0,0,0,0,0
2020. 3. 23,18:00,0,0,0,0,0
2020. 3. 23,19:00,0,0,0,0,0
2020. 3. 23,20:00,0,0,0,0,0
2020. 3. 23,21:00,0,0,0,0,0
2020. 3. 23,22:00,0,0,0,0,0
2020. 3. 23,23:00,0,0,0,0,0
2020. 3. 24,0:00,0,0,0,0,0
2020. 3. 24,1:00,0,0,0,0,0
2020. 3. 24,2:00,0,0,0,0,0
2020. 3. 24,3:00,0,0,0,0,0
2020. 3. 24,4:00,0,0,0,0,0
2020. 3. 24,5:00,0,0,0,0,0
2020. 3. 24,6:00,0,0,0,0,0
2020. 3. 24,7:00,0,0,0,0,0
2020. 3. 24,8:00,0,0,0,0,0
2020. 3. 24,9:00,0,0,0,0,0
2020. 3. 24,10:00,0,0,0,0,0
2020. 3. 24,12:00,0,0,0,0,0
2020. 3. 24,13:00,25,0,0,0,25
2020. 3. 24,14:00,53,0,0,0,53
2020. 3. 24,15:00,59,0,0,0,59
2020. 3. 24,16:00,33,0,0,0,33
2020. 3. 24,17:00,15,0,0,0,15
2020. 3. 24,18:00,2,0,0,0,2
2020. 3. 24,19:00,0,0,0,0,0
2020. 3. 24,20:00,0,0,0,0,0
2020. 3. 24,21:00,0,0,0,0,0
2020. 3. 24,22:00,0,0,0,0,0
2020. 3. 24,23:00,0,0,0,0,0
2020. 3. 25,0:00,0,0,0,0,0
2020. 3. 25,1:00,0,0,0,0,0
2020. 3. 25,2:00,0,0,0,0,0
2020. 3. 25,3:00,0,0,0,0,0
2020. 3. 25,4:00,0,0,0,0,0
2020. 3. 25,5:00,0,0,0,0,0
2020. 3. 25,6:00,0,0,0,0,0
2020. 3. 25,7:00,0,0,0,0,0
2020. 3. 25,9:00,53,0,0,1,53
2020. 3. 25,10:00,59,0,0,2,58
2020. 3. 25,11:00,50,0,0,0,50
2020. 3. 25,12:00,82,0,0,0,82
2020. 3. 25,13:00,88,0,0,1,88
2020. 3. 25,14:00,94,0,0,1,94
2020. 3. 25,15:00,97,0,0,0,97
2020. 3. 25,17:00,95,0,0,0,95
2020. 3. 25,18:00,100,0,0,2,100
2020. 3. 25,19:00,99,0,0,0,99
2020. 3. 25,20:00,99,0,0,6,99
2020. 3. 25,21:00,100,0,0,10,100
2020. 3. 25,22:00,99,0,0,2,99
2020. 3. 25,23:00,95,0,0,0,95
2020. 3. 26,0:00,77,0,0,0,77
2020. 3. 26,1:00,0,0,0,0,0
2020. 3. 26,3:00,0,0,0,0,0
2020. 3. 26,4:00,0,0,0,0,0
2020. 3. 26,5:00,0,0,0,0,0
2020. 3. 26,6:00,0,0,0,0,0
2020. 3. 26,7:00,0,0,0,0,0
2020. 3. 26,8:00,8,0,0,8,0
2020. 3. 26,9:00,2,0,0,2,0
2020. 3. 26,10:00,39,0,0,39,0
2020. 3. 26,11:00,99,0,2,99,0
2020. 3. 26,13:00,100,0,100,100,0
2020. 3. 26,14:00,100,0,100,100,10
2020. 3. 26,15:00,100,0,100,100,80
2020. 3. 26,16:00,100,0,100,100,88
2020. 3. 26,17:00,100,0,100,99,99
2020. 3. 26,18:00,100,0,100,98,100
2020. 3. 26,19:00,100,0,100,100,100
2020. 3. 26,20:00,100,0,100,99,100
2020. 3. 26,21:00,100,0,100,100,100
2020. 3. 26,22:00,100,0,100,100,100
2020. 3. 26,23:00,100,0,100,91,99
2020. 3. 27,0:00,100,0,100,97,98
2020. 3. 27,1:00,100,0,100,77,99
2020. 3. 27,2:00,100,0,100,100,100
2020. 3. 27,3:00,100,0,100,97,100
2020. 3. 27,4:00,100,0,100,85,100
2020. 3. 27,5:00,100,0,70,34,100
2020. 3. 27,6:00,99,0,74,2,98
2020. 3. 27,7:00,96,0,88,1,94
2020. 3. 27,8:00,93,0,18,12,92
2020. 3. 27,9:00,96,0,8,3,95
2020. 3. 27,10:00,88,0,3,1,88
2020. 3. 27,11:00,34,0,9,6,27
2020. 3. 27,12:00,1,0,1,0,0
2020. 3. 27,13:00,1,0,1,0,0
2020. 3. 27,14:00,1,0,1,0,0
2020. 3. 27,15:00,1,0,1,0,0
2020. 3. 27,16:00,1,0,1,0,0
2020. 3. 27,17:00,1,0,1,0,0
2020. 3. 27,18:00,1,0,1,0,0
2020. 3. 27,19:00,8,0,6,0,1
2020. 3. 27,20:00,91,0,25,0,88
2020. 3. 27,21:00,77,0,5,0,76
2020. 3. 27,22:00,72,0,0,0,72
2020. 3. 27,23:00,95,0,0,0,95
2020. 3. 28,0:00,98,0,0,0,98
2020. 3. 28,1:00,44,0,0,0,44
2020. 3. 28,2:00,95,0,0,0,95
2020. 3. 28,4:00,95,0,0,4,95
2020. 3. 28,5:00,98,0,0,3,98
2020. 3. 28,6:00,100,0,0,18,100
2020. 3. 28,7:00,100,0,0,0,100
2020. 3. 28,8:00,100,0,0,0,100
2020. 3. 28,9:00,100,0,0,0,100
2020. 3. 28,10:00,100,0,0,0,100
2020. 3. 28,11:00,100,0,0,0,100
2020. 3. 28,12:00,100,0,0,0,100
2020. 3. 28,13:00,100,0,0,0,100
2020. 3. 28,14:00,100,0,0,0,100
2020. 3. 28,15:00,100,0,0,0,100
2020. 3. 28,16:00,100,0,0,0,100
2020. 3. 28,17:00,98,0,0,0,98
2020. 3. 28,18:00,94,0,0,0,94
2020. 3. 28,19:00,59,0,0,0,59
2020. 3. 28,20:00,4,0,0,0,4
2020. 3. 28,21:00,0,0,0,0,0
2020. 3. 28,23:00,0,0,0,0,0
2020. 3. 29,0:00,0,0,0,0,0
2020. 3. 29,1:00,0,0,0,0,0
2020. 3. 29,2:00,0,0,0,0,0
2020. 3. 29,4:00,0,0,0,0,0
2020. 3. 29,5:00,0,0,0,0,0
2020. 3. 29,6:00,0,0,0,0,0
2020. 3. 29,7:00,0,0,0,0,0
2020. 3. 29,8:00,0,0,0,0,0
2020. 3. 29,9:00,46,0,0,0,46
2020. 3. 29,10:00,16,0,0,0,16
2020. 3. 29,11:00,0,0,0,0,0
2020. 3. 29,12:00,6,0,1,0,5
2020. 3. 29,13:00,16,0,3,0,13
2020. 3. 29,14:00,88,0,0,0,88
2020. 3. 29,15:00,93,0,0,0,93
2020. 3. 29,16:00,98,0,0,0,98
2020. 3. 29,18:00,94,0,0,0,94
2020. 3. 29,19:00,59,0,0,0,59
2020. 3. 29,20:00,16,0,0,0,16
2020. 3. 29,21:00,1,0,0,0,1
2020. 3. 29,22:00,0,0,0,0,0
2020. 3. 29,23:00,34,0,33,18,0
2020. 3. 30,0:00,53,0,52,21,0
2020. 3. 30,1:00,20,0,20,0,0
2020. 3. 30,2:00,6,0,6,0,0
2020. 3. 30,3:00,2,0,2,0,0
2020. 3. 30,4:00,0,0,0,0,0
2020. 3. 30,5:00,0,0,0,0,0
2020. 3. 30,6:00,0,0,0,0,0
2020. 3. 30,7:00,0,0,0,0,0
2020. 3. 30,8:00,0,0,0,0,0
2020. 3. 30,9:00,0,0,0,0,0
2020. 3. 30,10:00,0,0,0,0,0
2020. 3. 30,11:00,1,0,1,0,0
2020. 3. 30,12:00,0,0,0,0,0
2020. 3. 30,13:00,0,0,0,0,0
2020. 3. 30,14:00,0,0,0,0,0
2020. 3. 30,15:00,0,0,0,0,0
2020. 3. 30,16:00,0,0,0,0,0
2020. 3. 30,17:00,0,0,0,0,0
2020. 3. 30,18:00,0,0,0,0,0
2020. 3. 30,19:00,0,0,0,0,0
2020. 3. 30,20:00,4,0,0,0,4
2020. 3. 30,21:00,79,0,0,0,79
2020. 3. 30,22:00,98,0,0,0,98
2020. 3. 31,0:00,100,0,0,0,100
2020. 3. 31,1:00,99,0,0,0,99
2020. 3. 31,2:00,98,0,0,0,98
2020. 3. 31,3:00,76,0,0,0,76
2020. 3. 31,4:00,0,0,0,0,0
2020. 3. 31,5:00,100,0,0,0,100
2020. 3. 31,6:00,100,0,0,0,100
2020. 3. 31,7:00,100,0,0,0,100
2020. 3. 31,12:00,99,0,0,0,99
2020. 3. 31,13:00,99,0,0,0,99
2020. 3. 31,14:00,98,0,0,0,98
2020. 3. 31,15:00,100,0,0,0,100
2020. 3. 31,16:00,99,0,0,0,99
2020. 3. 31,17:00,99,0,0,0,99
2020. 3. 31,18:00,99,0,0,2,99
2020. 3. 31,19:00,98,0,0,0,98
2020. 3. 31,20:00,98,0,0,0,98
2020. 3. 31,21:00,100,0,0,6,100
2020. 3. 31,22:00,100,0,0,73,100
2020. 3. 31,23:00,100,0,0,94,100
2020. 4. 1,1:00,100,0,0,57,100
2020. 4. 1,2:00,100,0,0,8,100
2020. 4. 1,3:00,100,0,0,9,100
2020. 4. 1,4:00,100,0,0,0,100
2020. 4. 1,5:00,100,0,0,1,100
2020. 4. 1,6:00,100,0,0,0,100
2020. 4. 1,8:00,100,0,0,0,100
2020. 4. 1,9:00,100,0,0,0,100
2020. 4. 1,10:00,99,0,0,0,99
2020. 4. 1,11:00,27,0,0,0,27
2020. 4. 1,12:00,0,0,0,0,0
2020. 4. 1,14:00,0,0,0,0,0
2020. 4. 1,15:00,0,0,0,0,0
2020. 4. 1,16:00,0,0,0,0,0
2020. 4. 1,17:00,0,0,0,0,0
2020. 4. 1,18:00,12,0,9,6,0
2020. 4. 1,19:00,5,0,2,4,0
2020. 4. 1,20:00,15,0,0,15,0
2020. 4. 1,21:00,0,0,0,0,0
2020. 4. 1,22:00,0,0,0,0,0
2020. 4. 1,23:00,1,0,1,1,0
2020. 4. 2,23:00,1,0,1,1,0
2020. 4. 2,0:00,2,0,2,1,0
2020. 4. 2,1:00,1,0,1,0,0
2020. 4. 2,2:00,1,0,1,0,0
2020. 4. 2,3:00,0,0,0,0,0
2020. 4. 2,4:00,0,0,0,0,0
2020. 4. 2,5:00,0,0,0,0,0
2020. 4. 2,6:00,0,0,0,0,0
2020. 4. 2,7:00,1,0,0,0,1
2020. 4. 2,8:00,6,0,0,0,6
2020. 4. 2,9:00,2,0,0,0,2
2020. 4. 2,10:00,20,0,0,0,20
2020. 4. 2,11:00,24,0,0,1,24
2020. 4. 2,12:00,91,0,0,20,91
2020. 4. 2,13:00,65,0,0,29,64
2020. 4. 2,15:00,95,0,0,92,94
2020. 4. 2,16:00,95,0,0,95,30
2020. 4. 2,17:00,94,0,0,94,77
2020. 4. 2,18:00,87,0,0,86,21
2020. 4. 2,19:00,15,0,0,9,12
2020. 4. 2,21:00,2,0,0,2,0
2020. 4. 2,22:00,0,0,0,0,0
2020. 4. 3,0:00,0,0,0,0,0
2020. 4. 3,1:00,0,0,0,0,0
2020. 4. 3,2:00,0,0,0,0,0
2020. 4. 3,3:00,0,0,0,0,0
2020. 4. 3,4:00,0,0,0,0,0
2020. 4. 3,5:00,0,0,0,0,0
2020. 4. 3,6:00,0,0,0,0,0
2020. 4. 3,7:00,0,0,0,0,0
2020. 4. 3,8:00,0,0,0,0,0
2020. 4. 3,10:00,0,0,0,0,0
2020. 4. 3,11:00,0,0,0,0,0
2020. 4. 3,13:00,0,0,0,0,0
2020. 4. 3,14:00,0,0,0,0,0
2020. 4. 3,15:00,0,0,0,0,0
2020. 4. 3,16:00,0,0,0,0,0
2020. 4. 3,17:00,0,0,0,0,0
2020. 4. 3,18:00,0,0,0,0,0
2020. 4. 3,20:00,0,0,0,0,0
2020. 4. 3,21:00,0,0,0,0,0
2020. 4. 3,22:00,0,0,0,0,0
2020. 4. 3,23:00,0,0,0,0,0
2020. 4. 4,0:00,0,0,0,0,0
2020. 4. 4,1:00,0,0,0,0,0
2020. 4. 4,2:00,0,0,0,0,0
2020. 4. 4,3:00,0,0,0,0,0
2020. 4. 4,4:00,0,0,0,0,0
2020. 4. 4,5:00,3,0,3,0,0
2020. 4. 4,6:00,4,0,4,0,0
2020. 4. 4,7:00,0,0,0,0,0
2020. 4. 4,8:00,0,0,0,0,0
2020. 4. 4,9:00,0,0,0,0,0
2020. 4. 4,10:00,0,0,0,0,0
2020. 4. 4,11:00,0,0,0,0,0
2020. 4. 4,12:00,0,0,0,0,0
2020. 4. 4,13:00,0,0,0,0,0
2020. 4. 4,14:00,0,0,0,0,0
2020. 4. 4,15:00,0,0,0,0,0
2020. 4. 4,16:00,0,0,0,0,0
2020. 4. 4,17:00,0,0,0,0,0
2020. 4. 4,18:00,0,0,0,0,0
2020. 4. 4,19:00,0,0,0,0,0
2020. 4. 4,20:00,0,0,0,0,0
2020. 4. 4,21:00,0,0,0,0,0
2020. 4. 4,22:00,0,0,0,0,0
2020. 4. 4,23:00,0,0,0,0,0
2020. 4. 5,0:00,0,0,0,0,0
2020. 4. 5,1:00,0,0,0,0,0
2020. 4. 5,2:00,0,0,0,0,0
2020. 4. 5,3:00,0,0,0,0,0
2020. 4. 5,4:00,0,0,0,0,0
2020. 4. 5,5:00,0,0,0,0,0
2020. 4. 5,6:00,0,0,0,0,0
2020. 4. 5,7:00,0,0,0,0,0
2020. 4. 5,8:00,0,0,0,0,0
2020. 4. 5,9:00,0,0,0,0,0
2020. 4. 5,10:00,0,0,0,0,0
2020. 4. 5,11:00,0,0,0,0,0
2020. 4. 5,12:00,0,0,0,0,0
2020. 4. 5,13:00,0,0,0,0,0
2020. 4. 5,14:00,0,0,0,0,0
2020. 4. 5,15:00,0,0,0,0,0
2020. 4. 5,17:00,0,0,0,0,0
2020. 4. 5,18:00,0,0,0,0,0
2020. 4. 5,19:00,0,0,0,0,0
2020. 4. 5,20:00,0,0,0,0,0
2020. 4. 5,21:00,0,0,0,0,0
2020. 4. 5,22:00,0,0,0,0,0
2020. 4. 6,0:00,0,0,0,0,0
2020. 4. 6,1:00,0,0,0,0,0
2020. 4. 6,2:00,0,0,0,0,0
2020. 4. 6,3:00,0,0,0,0,0
2020. 4. 6,4:00,0,0,0,0,0
2020. 4. 6,5:00,0,0,0,0,0
2020. 4. 6,6:00,0,0,0,0,0
2020. 4. 6,7:00,0,0,0,0,0
2020. 4. 6,8:00,0,0,0,0,0
2020. 4. 6,9:00,20,0,0,0,20
2020. 4. 6,10:00,15,0,0,0,15
2020. 4. 6,11:00,9,0,0,0,9
2020. 4. 6,12:00,38,0,0,0,38
2020. 4. 6,13:00,90,0,0,0,90
2020. 4. 6,14:00,97,0,0,0,97
2020. 4. 6,15:00,98,0,0,0,98
2020. 4. 6,16:00,97,0,0,0,97
2020. 4. 6,17:00,98,0,0,0,98
2020. 4. 6,18:00,99,0,0,0,99
2020. 4. 6,19:00,100,0,0,0,100
2020. 4. 6,20:00,100,0,0,0,100
2020. 4. 6,21:00,100,0,0,0,100
2020. 4. 6,22:00,100,0,0,0,100
2020. 4. 6,23:00,100,0,0,0,100
2020. 4. 7,0:00,100,0,0,0,100
2020. 4. 7,1:00,92,0,0,0,92
2020. 4. 7,2:00,0,0,0,0,0
2020. 4. 7,3:00,0,0,0,0,0
2020. 4. 7,4:00,100,100,100,0,0
2020. 4. 7,5:00,100,99,100,8,0
2020. 4. 7,6:00,100,100,100,2,0
2020. 4. 7,7:00,98,18,98,0,0
2020. 4. 7,8:00,71,0,71,0,0
2020. 4. 7,10:00,1,0,1,0,0
2020. 4. 7,11:00,0,0,0,0,0
2020. 4. 7,12:00,6,0,6,1,0
2020. 4. 7,13:00,24,0,17,12,0
2020. 4. 7,15:00,9,0,2,9,0
2020. 4. 7,16:00,4,0,2,3,0
2020. 4. 7,17:00,2,0,0,2,0
2020. 4. 7,18:00,0,0,0,0,0
2020. 4. 7,19:00,0,0,0,0,0
2020. 4. 7,20:00,0,0,0,0,0
2020. 4. 7,22:00,0,0,0,0,0
2020. 4. 7,23:00,0,0,0,0,0
2020. 4. 8,0:00,0,0,0,0,0
2020. 4. 8,1:00,0,0,0,0,0
2020. 4. 8,2:00,0,0,0,0,0
2020. 4. 8,3:00,0,0,0,0,0
2020. 4. 8,4:00,0,0,0,0,0
2020. 4. 8,5:00,0,0,0,0,0
2020. 4. 8,7:00,0,0,0,0,0
2020. 4. 8,8:00,0,0,0,0,0
2020. 4. 8,9:00,0,0,0,0,0
2020. 4. 8,10:00,0,0,0,0,0
2020. 4. 8,11:00,0,0,0,0,0
2020. 4. 8,12:00,0,0,0,0,0
2020. 4. 8,13:00,0,0,0,0,0
2020. 4. 8,14:00,0,0,0,0,0
2020. 4. 8,15:00,0,0,0,0,0
2020. 4. 8,16:00,0,0,0,0,0
2020. 4. 8,17:00,0,0,0,0,0
2020. 4. 8,18:00,0,0,0,0,0
2020. 4. 8,19:00,0,0,0,0,0
2020. 4. 8,20:00,0,0,0,0,0
2020. 4. 8,21:00,0,0,0,0,0
2020. 4. 8,22:00,5,0,0,0,5
2020. 4. 8,23:00,0,0,0,0,0
2020. 4. 9,0:00,0,0,0,0,0
2020. 4. 9,1:00,0,0,0,0,0
2020. 4. 9,2:00,0,0,0,0,0
2020. 4. 9,4:00,0,0,0,0,0
2020. 4. 9,5:00,0,0,0,0,0
2020. 4. 9,6:00,0,0,0,0,0
2020. 4. 9,7:00,0,0,0,0,0
2020. 4. 9,8:00,0,0,0,0,0
2020. 4. 9,9:00,0,0,0,0,0
2020. 4. 9,10:00,0,0,0,0,0
2020. 4. 9,11:00,0,0,0,0,0
2020. 4. 9,13:00,74,0,0,74,0
2020. 4. 9,14:00,41,0,0,41,0
2020. 4. 9,15:00,1,0,1,0,0
2020. 4. 9,16:00,0,0,0,0,0
2020. 4. 9,17:00,0,0,0,0,0
2020. 4. 9,18:00,33,0,0,0,33
2020. 4. 9,19:00,55,0,0,0,55
2020. 4. 9,20:00,93,0,0,2,93
2020. 4. 9,21:00,97,0,3,6,96
2020. 4. 9,22:00,59,0,0,1,59
2020. 4. 9,23:00,28,0,0,0,27
2020. 4. 10,0:00,1,0,0,0,1
2020. 4. 10,1:00,0,0,0,0,0
2020. 4. 10,2:00,2,0,0,2,0
2020. 4. 10,3:00,9,0,0,9,0
2020. 4. 10,4:00,12,0,0,12,0
2020. 4. 10,5:00,14,0,2,14,0
2020. 4. 10,6:00,13,0,6,12,0
2020. 4. 10,7:00,20,0,20,3,0
2020. 4. 10,8:00,28,0,28,2,0
2020. 4. 10,9:00,45,0,45,1,1
2020. 4. 10,10:00,88,0,84,75,17
2020. 4. 10,11:00,89,0,88,86,0
2020. 4. 10,12:00,87,0,84,80,0
2020. 4. 10,13:00,100,0,73,100,0
2020. 4. 10,14:00,100,0,99,100,0
2020. 4. 10,15:00,99,0,84,99,0
2020. 4. 10,16:00,88,0,39,88,0
2020. 4. 10,17:00,80,0,36,78,3
2020. 4. 10,18:00,99,0,5,58,98
2020. 4. 10,19:00,99,0,1,20,98
2020. 4. 10,20:00,98,0,0,24,98
2020. 4. 10,21:00,100,0,2,12,100
2020. 4. 10,22:00,98,0,0,25,98
2020. 4. 11,0:00,93,0,4,21,91
2020. 4. 11,1:00,90,0,5,21,88
2020. 4. 11,2:00,94,0,3,26,93
2020. 4. 11,3:00,97,0,0,34,96
2020. 4. 11,4:00,98,0,0,35,98
2020. 4. 11,5:00,98,0,3,49,98
2020. 4. 11,6:00,99,0,5,67,99
2020. 4. 11,7:00,95,0,6,68,94
2020. 4. 11,8:00,93,0,0,59,93
2020. 4. 11,9:00,95,0,0,55,95
2020. 4. 11,11:00,98,0,8,63,97
2020. 4. 11,12:00,97,0,3,77,92
2020. 4. 11,13:00,85,0,2,60,75
2020. 4. 11,14:00,82,0,12,73,72
2020. 4. 11,15:00,72,0,2,68,51
2020. 4. 11,16:00,22,0,1,21,2
2020. 4. 11,17:00,14,0,0,14,0
2020. 4. 11,18:00,8,0,0,8,0
2020. 4. 11,19:00,12,0,0,12,0
2020. 4. 11,20:00,5,0,0,5,0
2020. 4. 11,21:00,2,0,1,2,0
2020. 4. 11,22:00,1,0,1,0,0
2020. 4. 11,23:00,0,0,0,0,0
2020. 4. 12,0:00,1,1,1,0,0
2020. 4. 12,1:00,43,43,43,0,0
2020. 4. 12,2:00,75,74,75,1,0
2020. 4. 12,3:00,80,77,80,2,0
2020. 4. 12,4:00,91,79,91,0,0
2020. 4. 12,5:00,82,77,82,0,0
2020. 4. 12,6:00,52,52,52,0,0
2020. 4. 12,7:00,0,0,0,0,0
2020. 4. 12,8:00,1,0,1,0,0
2020. 4. 12,9:00,8,0,6,3,2
2020. 4. 12,10:00,23,0,5,22,2
2020. 4. 12,11:00,48,0,16,46,0
2020. 4. 12,12:00,44,0,19,42,0
2020. 4. 12,13:00,39,0,6,38,0
2020. 4. 12,14:00,41,0,8,38,0
2020. 4. 12,15:00,32,0,0,32,0
2020. 4. 12,16:00,17,0,0,17,0
2020. 4. 12,18:00,27,0,0,27,0
2020. 4. 12,19:00,28,0,0,28,0
2020. 4. 12,20:00,1,0,0,1,0
2020. 4. 12,21:00,0,0,0,0,0
2020. 4. 12,22:00,0,0,0,0,0
2020. 4. 12,23:00,0,0,0,0,0
2020. 4. 13,0:00,0,0,0,0,0
2020. 4. 13,1:00,0,0,0,0,0
2020. 4. 13,2:00,0,0,0,0,0
2020. 4. 13,3:00,0,0,0,0,0
2020. 4. 13,4:00,33,0,0,31,16
2020. 4. 13,5:00,5,0,0,2,4
2020. 4. 13,6:00,1,0,0,0,1
2020. 4. 13,7:00,28,0,0,0,28
2020. 4. 13,8:00,84,0,0,0,84
2020. 4. 13,9:00,73,0,0,0,73
2020. 4. 13,10:00,59,0,0,0,59
2020. 4. 13,11:00,58,0,0,0,58
2020. 4. 13,12:00,73,0,0,0,73
2020. 4. 13,13:00,0,0,0,0,0
2020. 4. 13,14:00,0,0,0,0,0
2020. 4. 13,15:00,0,0,0,0,0
2020. 4. 13,16:00,0,0,0,0,0
2020. 4. 13,17:00,0,0,0,0,0
2020. 4. 13,18:00,0,0,0,0,0
2020. 4. 13,19:00,0,0,0,0,0
2020. 4. 13,20:00,0,0,0,0,0
2020. 4. 13,21:00,0,0,0,0,0
2020. 4. 13,22:00,0,0,0,0,0
2020. 4. 13,23:00,0,0,0,0,0
2020. 4. 14,0:00,0,0,0,0,0
2020. 4. 14,1:00,0,0,0,0,0
2020. 4. 14,2:00,0,0,0,0,0
2020. 4. 14,3:00,0,0,0,0,0
2020. 4. 14,4:00,0,0,0,0,0
2020. 4. 14,5:00,0,0,0,0,0
2020. 4. 14,6:00,0,0,0,0,0
2020. 4. 14,7:00,0,0,0,0,0
2020. 4. 14,8:00,0,0,0,0,0
2020. 4. 14,9:00,0,0,0,0,0
2020. 4. 14,10:00,0,0,0,0,0
2020. 4. 14,11:00,0,0,0,0,0
2020. 4. 14,12:00,0,0,0,0,0
2020. 4. 14,13:00,0,0,0,0,0
2020. 4. 14,14:00,0,0,0,0,0
2020. 4. 14,15:00,0,0,0,0,0
2020. 4. 14,16:00,3,0,0,0,3
2020. 4. 14,17:00,11,0,0,0,11
2020. 4. 14,18:00,52,0,0,0,52
2020. 4. 14,19:00,20,0,1,0,20
2020. 4. 14,20:00,96,0,1,0,96
2020. 4. 14,21:00,99,0,1,0,99
2020. 4. 14,22:00,100,0,0,0,100
2020. 4. 14,23:00,99,0,0,0,99
2020. 4. 15,0:00,100,0,0,0,100
2020. 4. 15,1:00,98,0,0,0,98
2020. 4. 15,2:00,98,0,0,0,98
2020. 4. 15,3:00,100,0,0,0,100
2020. 4. 15,4:00,99,0,0,0,99
2020. 4. 15,5:00,99,0,0,0,99
2020. 4. 15,6:00,100,0,0,0,100
2020. 4. 15,7:00,100,0,0,0,100
2020. 4. 15,9:00,99,0,0,0,99
2020. 4. 15,11:00,99,0,0,0,99
2020. 4. 15,12:00,100,0,0,0,100
2020. 4. 15,13:00,100,0,0,0,100
2020. 4. 15,14:00,100,0,0,0,100
2020. 4. 15,15:00,100,0,0,0,100
2020. 4. 15,16:00,99,0,0,0,99
2020. 4. 15,17:00,98,0,0,0,98
2020. 4. 15,18:00,99,0,0,0,99
2020. 4. 15,19:00,97,0,0,0,97
2020. 4. 15,20:00,84,0,0,0,84
2020. 4. 15,21:00,77,0,0,0,77
2020. 4. 15,22:00,43,0,0,0,43
2020. 4. 15,23:00,6,0,0,0,6
2020. 4. 16,0:00,21,0,0,0,21
2020. 4. 16,1:00,20,0,0,0,20
2020. 4. 16,2:00,7,0,0,0,7
2020. 4. 16,3:00,0,0,0,0,0
2020. 4. 16,4:00,0,0,0,0,0
2020. 4. 16,5:00,0,0,0,0,0
2020. 4. 16,6:00,0,0,0,0,0
2020. 4. 16,7:00,0,0,0,0,0
2020. 4. 16,8:00,0,0,0,0,0
2020. 4. 16,9:00,0,0,0,0,0
2020. 4. 16,10:00,0,0,0,0,0
2020. 4. 16,11:00,73,0,0,0,73
2020. 4. 16,12:00,0,0,0,0,0
2020. 4. 16,13:00,27,0,0,0,27
2020. 4. 16,14:00,97,0,0,0,97
2020. 4. 16,16:00,99,0,0,0,99
2020. 4. 16,17:00,100,0,0,0,100
2020. 4. 16,19:00,100,0,0,36,100
2020. 4. 16,20:00,100,0,0,3,100
2020. 4. 16,21:00,100,0,0,45,100
2020. 4. 16,22:00,100,0,0,100,98
2020. 4. 16,23:00,100,0,0,100,100
2020. 4. 17,0:00,100,0,0,100,100
2020. 4. 17,1:00,100,0,0,94,99
2020. 4. 17,2:00,81,0,0,72,67
2020. 4. 17,3:00,95,0,0,92,46
2020. 4. 17,4:00,95,0,0,94,42
2020. 4. 17,5:00,78,0,0,74,47
2020. 4. 17,6:00,90,0,2,90,1
2020. 4. 17,7:00,99,0,98,83,0
2020. 4. 17,8:00,100,0,100,97,0
2020. 4. 17,9:00,100,0,100,88,10
2020. 4. 17,10:00,100,0,100,99,29
2020. 4. 17,11:00,100,0,100,99,74
2020. 4. 17,12:00,100,0,91,84,45
2020. 4. 17,13:00,100,0,100,94,6
2020. 4. 17,14:00,99,0,99,4,0
2020. 4. 17,15:00,100,0,100,2,0
2020. 4. 17,16:00,64,0,64,1,0
2020. 4. 17,17:00,12,0,12,0,0
2020. 4. 17,18:00,12,0,12,0,0
2020. 4. 17,19:00,1,0,0,0,0
2020. 4. 17,20:00,2,0,2,0,0
2020. 4. 17,21:00,82,77,82,2,1
2020. 4. 17,22:00,98,98,98,3,0
2020. 4. 17,23:00,63,39,56,20,0
2020. 4. 18,0:00,65,39,54,30,0
2020. 4. 18,1:00,94,79,94,5,0
2020. 4. 18,2:00,81,59,81,2,0
2020. 4. 18,3:00,20,0,20,1,0
2020. 4. 18,4:00,8,0,8,0,0
2020. 4. 18,5:00,6,0,6,0,0
2020. 4. 18,6:00,0,0,0,0,0
2020. 4. 18,7:00,0,0,0,0,0
2020. 4. 18,8:00,0,0,0,0,0
2020. 4. 18,10:00,38,0,38,0,0
2020. 4. 18,11:00,91,0,89,84,0
2020. 4. 18,13:00,98,0,57,98,0
2020. 4. 18,12:00,100,0,93,100,0
2020. 4. 18,14:00,97,0,1,97,0
2020. 4. 18,15:00,1,0,0,1,0
2020. 4. 18,16:00,1,0,0,1,0
2020. 4. 18,17:00,0,0,0,0,0
2020. 4. 18,18:00,0,0,0,0,0
2020. 4. 18,19:00,0,0,0,0,0
2020. 4. 18,20:00,0,0,0,0,0
2020. 4. 18,21:00,1,0,0,1,0
2020. 4. 18,22:00,100,0,0,0,100
2020. 4. 18,23:00,98,0,0,0,98
2020. 4. 19,0:00,100,0,5,0,100
2020. 4. 19,1:00,100,0,2,0,100
2020. 4. 19,2:00,100,0,0,0,100
2020. 4. 19,3:00,100,0,0,0,100
2020. 4. 19,5:00,100,0,0,9,100
2020. 4. 19,6:00,100,0,0,76,100
2020. 4. 19,7:00,100,0,0,84,100
2020. 4. 19,8:00,100,0,0,89,100
2020. 4. 19,9:00,100,0,0,91,100
2020. 4. 19,10:00,99,0,0,94,99
2020. 4. 19,12:00,100,0,4,98,100
2020. 4. 19,13:00,100,0,11,99,100
2020. 4. 19,14:00,100,0,46,100,100
2020. 4. 19,15:00,100,0,94,100,100
2020. 4. 19,16:00,100,0,70,100,100
2020. 4. 19,17:00,100,0,98,100,100
2020. 4. 19,18:00,100,0,94,100,100
2020. 4. 19,19:00,99,0,94,97,63
2020. 4. 19,20:00,100,0,27,100,31
2020. 4. 19,21:00,100,0,65,100,16
2020. 4. 19,22:00,100,0,97,100,1
2020. 4. 19,23:00,100,0,98,100,0
2020. 4. 20,0:00,100,0,100,100,0
2020. 4. 20,1:00,100,0,100,100,0
2020. 4. 20,2:00,100,0,100,99,0
2020. 4. 20,3:00,99,0,99,96,0
2020. 4. 20,4:00,78,0,78,0,0
2020. 4. 20,5:00,35,0,35,0,0
2020. 4. 20,6:00,6,0,6,0,0
2020. 4. 20,7:00,82,0,82,5,0
2020. 4. 20,9:00,100,0,100,3,0
2020. 4. 20,10:00,99,0,98,96,0
2020. 4. 20,11:00,99,0,81,99,0
2020. 4. 20,12:00,100,0,100,100,0
2020. 4. 20,13:00,100,0,100,92,0
2020. 4. 20,14:00,86,0,86,0,0
2020. 4. 20,15:00,12,0,12,0,0
2020. 4. 20,16:00,14,0,14,0,0
2020. 4. 20,17:00,12,0,12,0,0
2020. 4. 20,18:00,26,0,26,0,0
2020. 4. 20,19:00,0,0,0,0,0
2020. 4. 20,20:00,0,0,0,0,0
2020. 4. 20,21:00,22,0,0,0,22
2020. 4. 20,22:00,58,0,0,0,58
2020. 4. 20,23:00,57,0,0,0,57
2020. 4. 21,0:00,84,0,0,0,84
2020. 4. 21,1:00,88,0,0,0,88
2020. 4. 21,2:00,85,0,0,0,85
2020. 4. 21,3:00,52,0,0,5,48
2020. 4. 21,4:00,48,0,0,1,48
2020. 4. 21,5:00,2,0,0,0,2
2020. 4. 21,6:00,16,0,0,0,16
2020. 4. 21,7:00,0,0,0,0,0
2020. 4. 21,8:00,0,0,0,0,0
2020. 4. 21,10:00,27,0,12,27,0
2020. 4. 21,11:00,45,0,0,45,0
2020. 4. 21,12:00,18,0,1,18,0
2020. 4. 21,13:00,16,0,0,16,0
2020. 4. 21,14:00,23,0,0,23,0
2020. 4. 21,15:00,65,0,1,65,0
2020. 4. 21,16:00,20,0,1,20,0
2020. 4. 21,17:00,73,0,0,73,0
2020. 4. 21,18:00,41,0,0,41,0
2020. 4. 21,19:00,4,0,0,4,0
2020. 4. 21,20:00,0,0,0,0,0
2020. 4. 21,21:00,1,0,0,0,1
2020. 4. 21,22:00,0,0,0,0,0
2020. 4. 21,23:00,0,0,0,0,0
2020. 4. 22,0:00,0,0,0,0,0
2020. 4. 22,1:00,0,0,0,0,0
2020. 4. 22,2:00,0,0,0,0,0
2020. 4. 22,3:00,0,0,0,0,0
2020. 4. 22,4:00,0,0,0,0,0
2020. 4. 22,5:00,0,0,0,0,0
2020. 4. 22,6:00,0,0,0,0,0
2020. 4. 22,7:00,0,0,0,0,0
2020. 4. 22,8:00,42,0,40,16,0
2020. 4. 22,9:00,90,0,89,70,0
2020. 4. 22,10:00,94,0,93,91,0
2020. 4. 22,11:00,100,0,99,100,0
2020. 4. 22,12:00,100,0,100,99,0
2020. 4. 22,13:00,100,0,99,99,0
2020. 4. 22,14:00,99,0,98,96,0
2020. 4. 22,15:00,98,0,95,97,0
2020. 4. 22,16:00,100,0,97,100,0
2020. 4. 22,18:00,85,0,80,82,0
2020. 4. 22,19:00,88,0,88,22,0
2020. 4. 22,20:00,98,0,98,27,0
2020. 4. 22,21:00,27,0,26,7,0
2020. 4. 22,23:00,36,0,36,8,0
2020. 4. 23,0:00,0,0,0,0,0
2020. 4. 23,1:00,0,0,0,0,0
2020. 4. 23,2:00,0,0,0,0,0
2020. 4. 23,3:00,0,0,0,0,0
2020. 4. 23,4:00,0,0,0,0,0
2020. 4. 23,5:00,0,0,0,0,0
2020. 4. 23,6:00,0,0,0,0,0
2020. 4. 23,7:00,0,0,0,0,0
2020. 4. 23,8:00,0,0,0,0,0
2020. 4. 23,9:00,11,0,11,0,0
2020. 4. 23,10:00,67,0,15,66,0
2020. 4. 23,11:00,95,0,43,94,0
2020. 4. 23,12:00,100,0,19,100,0
2020. 4. 23,13:00,88,0,56,88,0
2020. 4. 23,14:00,94,0,38,94,0
2020. 4. 23,15:00,70,0,1,70,0
2020. 4. 23,16:00,32,0,0,32,0
2020. 4. 23,17:00,6,0,0,6,0
2020. 4. 23,18:00,1,0,0,1,0
2020. 4. 23,19:00,0,0,0,0,0
2020. 4. 23,20:00,0,0,0,0,0
2020. 4. 23,21:00,0,0,0,0,0
2020. 4. 23,22:00,0,0,0,0,0
2020. 4. 23,23:00,0,0,0,0,0
2020. 4. 24,0:00,0,0,0,0,0
2020. 4. 24,1:00,0,0,0,0,0
2020. 4. 24,2:00,0,0,0,0,0
2020. 4. 24,3:00,0,0,0,0,0
2020. 4. 24,4:00,23,0,0,23,0
2020. 4. 24,5:00,24,0,0,24,0
2020. 4. 24,6:00,89,0,0,89,2
2020. 4. 24,7:00,65,0,0,65,0
2020. 4. 24,8:00,95,0,0,95,0
2020. 4. 24,9:00,63,0,0,63,0
2020. 4. 24,10:00,0,0,0,0,0
2020. 4. 24,11:00,5,0,3,2,0
2020. 4. 24,12:00,9,0,7,3,0
2020. 4. 24,13:00,7,0,3,5,0
2020. 4. 24,14:00,5,0,2,4,0
2020. 4. 24,15:00,2,0,1,1,0
2020. 4. 24,16:00,1,0,0,1,0
2020. 4. 24,17:00,68,0,0,68,0
2020. 4. 24,18:00,34,0,0,34,0
2020. 4. 24,19:00,25,0,0,25,0
2020. 4. 24,20:00,44,0,0,44,0
2020. 4. 24,21:00,45,0,0,45,0
2020. 4. 24,22:00,85,0,0,85,0
2020. 4. 24,23:00,0,0,0,0,0
2020. 4. 25,23:00,0,0,0,0,0
2020. 4. 25,0:00,66,0,0,66,0
2020. 4. 25,1:00,68,0,0,68,0
2020. 4. 25,2:00,0,0,0,0,0
2020. 4. 25,3:00,12,0,0,12,0
2020. 4. 25,4:00,0,0,0,0,0
2020. 4. 25,5:00,18,0,0,18,0
2020. 4. 25,6:00,20,0,0,20,0
2020. 4. 25,7:00,9,0,9,1,0
2020. 4. 25,8:00,59,0,26,48,2
2020. 4. 25,9:00,74,0,24,66,11
2020. 4. 25,10:00,76,0,14,72,5
2020. 4. 25,11:00,90,0,33,85,27
2020. 4. 25,12:00,96,0,4,95,38
2020. 4. 25,13:00,97,0,0,96,73
2020. 4. 25,14:00,66,0,0,59,56
2020. 4. 25,15:00,56,0,0,51,48
2020. 4. 25,16:00,56,0,0,56,13
2020. 4. 25,17:00,3,0,0,3,0
2020. 4. 25,18:00,0,0,0,0,0
2020. 4. 25,19:00,0,0,0,0,0
2020. 4. 25,20:00,0,0,0,0,0
2020. 4. 25,22:00,0,0,0,0,0
2020. 4. 26,0:00,0,0,0,0,0
2020. 4. 26,1:00,62,0,0,0,62
2020. 4. 26,3:00,0,0,0,0,0
2020. 4. 26,4:00,0,0,0,0,0
2020. 4. 26,5:00,0,0,0,0,0
2020. 4. 26,6:00,0,0,0,0,0
2020. 4. 26,7:00,0,0,0,0,0
2020. 4. 26,8:00,0,0,0,0,0
2020. 4. 26,9:00,0,0,0,0,0
2020. 4. 26,10:00,0,0,0,0,0
2020. 4. 26,11:00,0,0,0,0,0
2020. 4. 26,12:00,3,0,0,3,0
2020. 4. 26,13:00,24,0,0,24,0
2020. 4. 26,14:00,8,0,0,8,0
2020. 4. 26,15:00,36,0,0,36,0
2020. 4. 26,16:00,34,0,0,33,3
2020. 4. 26,17:00,7,0,0,2,6
2020. 4. 26,18:00,2,0,0,2,0
2020. 4. 26,19:00,2,0,0,2,0
2020. 4. 26,20:00,0,0,0,0,0
2020. 4. 26,21:00,0,0,0,0,0
2020. 4. 26,22:00,0,0,0,0,0
2020. 4. 26,23:00,0,0,0,0,0
2020. 4. 27,0:00,0,0,0,0,0
2020. 4. 27,1:00,6,0,2,5,0
2020. 4. 27,2:00,6,0,2,6,0
2020. 4. 27,3:00,2,0,0,2,0
2020. 4. 27,4:00,0,0,0,0,0
2020. 4. 27,5:00,0,0,0,0,0
2020. 4. 27,7:00,0,0,0,0,0
2020. 4. 27,8:00,0,0,0,0,0
2020. 4. 27,9:00,3,0,0,3,0
2020. 4. 27,10:00,23,0,13,16,0
2020. 4. 27,11:00,42,0,16,40,0
2020. 4. 27,12:00,44,0,0,44,0
2020. 4. 27,13:00,23,0,0,23,0
2020. 4. 27,14:00,73,0,0,73,0
2020. 4. 27,15:00,73,0,0,73,0
2020. 4. 27,16:00,62,0,0,62,0
2020. 4. 27,17:00,84,0,0,84,0
2020. 4. 27,18:00,37,0,0,37,0
2020. 4. 27,19:00,16,0,0,16,0
2020. 4. 27,20:00,0,0,0,0,0
2020. 4. 27,21:00,0,0,0,0,0
2020. 4. 27,22:00,0,0,0,0,0
2020. 4. 27,23:00,0,0,0,0,0
2020. 4. 28,0:00,0,0,0,0,0
2020. 4. 28,1:00,0,0,0,0,0
2020. 4. 28,2:00,0,0,0,0,0
2020. 4. 28,3:00,0,0,0,0,0
2020. 4. 28,4:00,0,0,0,0,0
2020. 4. 28,5:00,0,0,0,0,0
2020. 4. 28,6:00,0,0,0,0,0
2020. 4. 28,8:00,0,0,0,0,0
2020. 4. 28,9:00,8,0,0,0,8
2020. 4. 28,10:00,35,0,0,0,35
2020. 4. 28,11:00,0,0,0,0,0
2020. 4. 28,12:00,0,0,0,0,0
2020. 4. 28,13:00,0,0,0,0,0
2020. 4. 28,14:00,0,0,0,0,0
2020. 4. 28,15:00,0,0,0,0,0
2020. 4. 28,16:00,0,0,0,0,0
2020. 4. 28,17:00,0,0,0,0,0
2020. 4. 28,18:00,0,0,0,0,0
2020. 4. 28,19:00,0,0,0,0,0
2020. 4. 28,20:00,0,0,0,0,0
2020. 4. 28,21:00,0,0,0,0,0
2020. 4. 28,22:00,0,0,0,0,0
2020. 4. 28,23:00,0,0,0,0,0
2020. 4. 29,0:00,0,0,0,0,0
2020. 4. 29,1:00,0,0,0,0,0
2020. 4. 29,3:00,17,0,0,0,17
2020. 4. 29,4:00,10,0,0,0,10
2020. 4. 29,5:00,0,0,0,0,0
2020. 4. 29,6:00,0,0,0,0,0
2020. 4. 29,7:00,0,0,0,0,0
2020. 4. 29,8:00,0,0,0,0,0
2020. 4. 29,9:00,0,0,0,0,0
2020. 4. 29,10:00,0,0,0,0,0
2020. 4. 29,11:00,0,0,0,0,0
2020. 4. 29,12:00,0,0,0,0,0
2020. 4. 29,13:00,0,0,0,0,0
2020. 4. 29,14:00,0,0,0,0,0
2020. 4. 29,15:00,0,0,0,0,0
2020. 4. 29,16:00,0,0,0,0,0
2020. 4. 29,17:00,0,0,0,0,0
2020. 4. 29,18:00,0,0,0,0,0
2020. 4. 29,19:00,0,0,0,0,0
2020. 4. 29,20:00,0,0,0,0,0
2020. 4. 29,21:00,0,0,0,0,0
2020. 4. 29,22:00,0,0,0,0,0
2020. 4. 29,23:00,0,0,0,0,0
2020. 4. 30,0:00,0,0,0,0,0
2020. 4. 30,1:00,0,0,0,0,0
2020. 4. 30,2:00,0,0,0,0,0
2020. 4. 30,3:00,0,0,0,0,0
2020. 4. 30,4:00,0,0,0,0,0
2020. 4. 30,5:00,0,0,0,0,0
2020. 4. 30,6:00,12,0,9,0,5
2020. 4. 30,7:00,21,0,20,0,2
2020. 4. 30,8:00,38,0,27,0,16
2020. 4. 30,10:00,9,0,9,0,1
2020. 4. 30,11:00,67,0,2,0,67
2020. 4. 30,12:00,72,0,1,0,72
2020. 4. 30,13:00,21,0,7,0,16
2020. 4. 30,14:00,97,0,17,0,96
2020. 4. 30,15:00,98,0,23,0,98
2020. 4. 30,16:00,95,0,19,38,94
2020. 4. 30,17:00,81,0,9,52,77
2020. 4. 30,18:00,12,0,10,2,2
2020. 4. 30,19:00,32,0,17,0,17
2020. 4. 30,20:00,60,0,60,0,0
2020. 4. 30,21:00,100,0,100,0,0
2020. 4. 30,22:00,100,0,100,0,0
2020. 4. 30,23:00,100,0,100,0,0
2020. 5. 1,23:00,100,0,100,0,0
2020. 5. 1,0:00,100,0,100,0,0
2020. 5. 1,1:00,100,0,100,0,0
2020. 5. 1,2:00,100,0,100,0,0
2020. 5. 1,3:00,100,0,100,0,0
2020. 5. 1,4:00,99,0,99,0,0
2020. 5. 1,5:00,100,0,100,0,0
2020. 5. 1,6:00,100,0,100,0,0
2020. 5. 1,7:00,100,0,100,0,0
2020. 5. 1,8:00,100,0,100,0,0
2020. 5. 1,9:00,76,0,76,0,0
2020. 5. 1,10:00,40,0,40,0,0
2020. 5. 1,11:00,0,0,0,0,0
2020. 5. 1,12:00,0,0,0,0,0
2020. 5. 1,13:00,0,0,0,0,0
2020. 5. 1,14:00,0,0,0,0,0
2020. 5. 1,16:00,0,0,0,0,0
2020. 5. 1,17:00,0,0,0,0,0
2020. 5. 1,18:00,0,0,0,0,0
2020. 5. 1,19:00,13,0,13,0,0
2020. 5. 1,20:00,35,0,35,0,0
2020. 5. 1,21:00,36,0,36,0,0
2020. 5. 1,22:00,81,0,81,0,1
2020. 5. 2,0:00,100,0,100,0,30
2020. 5. 2,1:00,100,0,100,0,0
2020. 5. 2,2:00,100,0,100,0,18
2020. 5. 2,3:00,100,0,100,0,21
2020. 5. 2,5:00,100,0,100,0,96
2020. 5. 2,6:00,100,0,100,0,86
2020. 5. 2,8:00,100,0,100,0,91
2020. 5. 2,9:00,100,0,100,0,96
2020. 5. 2,10:00,100,0,100,0,93
2020. 5. 2,11:00,100,0,99,0,96
2020. 5. 2,12:00,100,0,100,0,97
2020. 5. 2,13:00,99,0,92,3,98
2020. 5. 2,14:00,100,0,70,27,100
2020. 5. 2,15:00,100,0,30,25,100
2020. 5. 2,16:00,100,0,28,10,100
2020. 5. 2,17:00,100,0,12,3,100
2020. 5. 2,18:00,98,0,2,9,98
2020. 5. 2,20:00,100,0,77,70,100
2020. 5. 2,21:00,100,0,46,6,99
2020. 5. 2,22:00,98,1,3,52,96
2020. 5. 2,23:00,99,0,0,91,98
2020. 5. 3,0:00,99,0,0,98,80
2020. 5. 3,1:00,100,0,0,100,34
2020. 5. 3,2:00,100,0,0,100,25
2020. 5. 3,3:00,90,0,0,90,3
2020. 5. 3,4:00,47,0,0,45,3
2020. 5. 3,5:00,53,0,1,49,9
2020. 5. 3,6:00,30,0,5,8,22
2020. 5. 3,7:00,88,0,0,6,87
2020. 5. 3,8:00,89,0,1,0,89
2020. 5. 3,9:00,84,0,2,2,84
2020. 5. 3,10:00,59,0,6,2,57
2020. 5. 3,11:00,80,0,53,44,48
2020. 5. 3,13:00,95,0,5,95,1
2020. 5. 3,14:00,100,0,0,100,0
2020. 5. 3,15:00,96,0,5,96,0
2020. 5. 3,16:00,45,0,20,42,0
2020. 5. 3,17:00,73,0,11,73,0
2020. 5. 3,18:00,4,0,3,1,0
2020. 5. 3,19:00,8,0,7,1,0
2020. 5. 3,20:00,5,0,5,0,0
2020. 5. 3,21:00,12,0,12,0,0
2020. 5. 3,22:00,27,0,27,0,0
2020. 5. 3,23:00,55,0,55,0,0
2020. 5. 4,0:00,35,0,35,0,0
2020. 5. 4,1:00,29,0,29,0,0
2020. 5. 4,2:00,27,0,27,0,0
2020. 5. 4,3:00,20,0,20,2,0
2020. 5. 4,4:00,66,0,18,4,59
2020. 5. 4,5:00,34,0,23,4,14
2020. 5. 4,6:00,63,0,17,2,56
2020. 5. 4,7:00,6,0,2,0,4
2020. 5. 4,8:00,23,0,0,0,23
2020. 5. 4,9:00,87,0,0,0,87
2020. 5. 4,10:00,19,0,0,0,19
2020. 5. 4,11:00,12,0,9,0,4
2020. 5. 4,12:00,6,0,6,1,0
2020. 5. 4,13:00,17,0,3,0,16
2020. 5. 4,14:00,52,0,0,0,52
2020. 5. 4,16:00,11,0,0,0,11
2020. 5. 4,17:00,31,0,0,1,30
2020. 5. 4,18:00,5,0,0,2,3
2020. 5. 4,19:00,57,0,0,0,57
2020. 5. 4,20:00,99,0,0,0,99
2020. 5. 4,21:00,70,0,0,0,70
2020. 5. 4,22:00,30,0,0,1,30
2020. 5. 4,23:00,95,0,0,1,95
2020. 5. 5,0:00,98,0,0,73,95
2020. 5. 5,2:00,99,0,0,12,99
2020. 5. 5,3:00,98,0,0,12,98
2020. 5. 5,4:00,98,0,0,90,98
2020. 5. 5,5:00,100,0,0,98,99
2020. 5. 5,6:00,100,0,0,99,99
2020. 5. 5,7:00,98,0,11,51,98
2020. 5. 5,8:00,99,0,12,47,98
2020. 5. 5,9:00,100,0,10,18,100
2020. 5. 5,10:00,100,0,5,17,100
2020. 5. 5,11:00,100,0,85,100,100
2020. 5. 5,12:00,100,0,53,94,100
2020. 5. 5,13:00,100,0,51,39,100
2020. 5. 5,14:00,100,0,6,0,100
2020. 5. 5,15:00,100,0,5,0,100
2020. 5. 5,16:00,1,0,1,0,0
2020. 5. 5,17:00,0,0,0,0,0
2020. 5. 5,18:00,0,0,0,0,0
2020. 5. 5,19:00,0,0,0,0,0
2020. 5. 5,20:00,0,0,0,0,0
2020. 5. 5,21:00,0,0,0,0,0
2020. 5. 5,22:00,2,2,2,0,0
2020. 5. 5,23:00,19,1,1,0,19
2020. 5. 6,0:00,32,0,0,0,32
2020. 5. 6,1:00,1,0,0,0,1
2020. 5. 6,2:00,0,0,0,0,0
2020. 5. 6,3:00,1,0,0,0,0
2020. 5. 6,4:00,1,0,0,0,1
2020. 5. 6,5:00,46,0,0,0,46
2020. 5. 6,6:00,1,0,0,0,1
2020. 5. 6,7:00,0,0,0,0,0
2020. 5. 6,9:00,0,0,0,0,0
2020. 5. 6,10:00,0,0,0,0,0
2020. 5. 6,11:00,1,0,1,0,0
2020. 5. 6,12:00,1,0,1,0,0
2020. 5. 6,13:00,0,0,0,0,0
2020. 5. 6,14:00,0,0,0,0,0
2020. 5. 6,15:00,0,0,0,0,0
2020. 5. 6,16:00,0,0,0,0,0
2020. 5. 6,17:00,0,0,0,0,0
2020. 5. 6,18:00,0,0,0,0,0
2020. 5. 6,19:00,3,0,0,0,3
2020. 5. 6,20:00,29,0,0,0,29
2020. 5. 6,21:00,93,0,0,0,93
2020. 5. 6,22:00,81,0,0,0,81
2020. 5. 7,0:00,91,0,0,0,91
2020. 5. 7,1:00,65,0,0,0,65
2020. 5. 7,2:00,98,0,0,0,98
2020. 5. 7,3:00,85,0,0,0,85
2020. 5. 7,5:00,95,0,0,0,95
2020. 5. 7,6:00,80,0,0,0,80
2020. 5. 7,7:00,87,0,0,0,87
2020. 5. 7,8:00,98,0,0,0,98
2020. 5. 7,9:00,99,0,0,0,99
2020. 5. 7,10:00,98,0,0,0,98
2020. 5. 7,12:00,99,0,0,0,99
2020. 5. 7,13:00,100,0,0,0,100
2020. 5. 7,14:00,99,0,0,0,99
2020. 5. 7,15:00,100,0,0,0,100
2020. 5. 7,16:00,100,0,0,21,100
2020. 5. 7,17:00,100,0,0,39,100
2020. 5. 7,18:00,100,0,0,62,100
2020. 5. 7,19:00,100,0,0,9,100
2020. 5. 7,20:00,100,0,0,86,100
2020. 5. 7,21:00,100,0,0,83,99
2020. 5. 7,22:00,100,0,0,99,98
2020. 5. 7,23:00,100,0,0,81,100
2020. 5. 8,0:00,100,0,0,86,100
2020. 5. 8,1:00,99,0,0,17,98
2020. 5. 8,2:00,97,0,0,52,94
2020. 5. 8,3:00,82,0,0,42,71
2020. 5. 8,5:00,24,0,0,24,0
2020. 5. 8,7:00,22,0,0,18,5
2020. 5. 8,8:00,20,0,0,16,5
2020. 5. 8,9:00,22,0,0,2,21
2020. 5. 8,10:00,35,0,0,10,30
2020. 5. 8,12:00,100,0,0,0,100
2020. 5. 8,13:00,100,0,0,0,100
2020. 5. 8,14:00,100,0,0,0,100
2020. 5. 8,15:00,100,0,0,5,100
2020. 5. 8,16:00,100,0,0,84,100
2020. 5. 8,17:00,100,0,0,100,100
2020. 5. 8,18:00,100,0,0,98,100
2020. 5. 8,19:00,100,0,0,99,100
2020. 5. 8,20:00,100,0,0,90,100
2020. 5. 8,21:00,100,0,0,95,100
2020. 5. 8,22:00,100,0,0,93,100
2020. 5. 8,23:00,100,0,1,100,100
2020. 5. 9,0:00,98,0,2,94,93
2020. 5. 9,1:00,100,0,1,100,86
2020. 5. 9,2:00,100,0,1,100,94
2020. 5. 9,3:00,100,0,1,100,66
2020. 5. 9,4:00,100,0,1,100,41
2020. 5. 9,5:00,100,0,100,100,41
2020. 5. 9,6:00,100,0,100,100,14
2020. 5. 9,7:00,100,0,100,100,11
2020. 5. 9,8:00,100,0,100,100,0
2020. 5. 9,9:00,100,0,100,100,0
2020. 5. 9,10:00,100,0,100,100,0
2020. 5. 9,11:00,100,0,100,100,0
2020. 5. 9,12:00,100,0,100,98,0
2020. 5. 9,13:00,100,0,100,83,0
2020. 5. 9,14:00,100,0,100,98,0
2020. 5. 9,15:00,100,0,100,94,0
2020. 5. 9,16:00,98,0,98,87,0
2020. 5. 9,17:00,100,0,100,61,0
2020. 5. 9,18:00,100,0,100,28,0
2020. 5. 9,19:00,100,0,100,8,22
2020. 5. 9,20:00,100,0,100,2,77
2020. 5. 9,21:00,100,0,100,0,100
2020. 5. 9,22:00,100,0,100,0,94
2020. 5. 9,23:00,100,0,100,13,24
2020. 5. 10,0:00,100,0,100,67,0
2020. 5. 10,1:00,100,0,100,2,0
2020. 5. 10,2:00,100,0,100,27,0
2020. 5. 10,3:00,100,0,100,94,0
2020. 5. 10,4:00,100,0,100,98,0
2020. 5. 10,5:00,95,0,89,83,0
2020. 5. 10,6:00,98,0,95,90,0
2020. 5. 10,7:00,100,0,100,91,0
2020. 5. 10,8:00,100,0,100,2,0
2020. 5. 10,9:00,100,0,100,5,0
2020. 5. 10,10:00,100,0,100,96,0
2020. 5. 10,11:00,100,0,100,84,0
2020. 5. 10,12:00,99,0,99,2,0
2020. 5. 10,13:00,99,0,99,0,0
2020. 5. 10,14:00,88,0,88,4,0
2020. 5. 10,15:00,12,0,5,9,0
2020. 5. 10,16:00,3,0,2,2,0
2020. 5. 10,17:00,0,0,0,0,0
2020. 5. 10,18:00,2,0,2,0,0
2020. 5. 10,19:00,30,0,30,0,0
2020. 5. 10,20:00,31,0,31,0,0
2020. 5. 10,21:00,52,0,52,0,0
2020. 5. 10,22:00,14,0,14,0,0
2020. 5. 10,23:00,70,0,70,0,0
2020. 5. 11,23:00,70,0,70,0,0
2020. 5. 11,0:00,14,0,14,0,0
2020. 5. 11,1:00,8,0,8,0,0
2020. 5. 11,2:00,0,0,0,0,0
2020. 5. 11,3:00,7,0,7,0,0
2020. 5. 11,4:00,40,0,40,0,0
2020. 5. 11,5:00,19,0,19,0,0
2020. 5. 11,6:00,1,0,1,0,0
2020. 5. 11,7:00,0,0,0,0,0
2020. 5. 11,8:00,9,0,0,4,9
2020. 5. 11,9:00,6,0,0,6,0
2020. 5. 11,10:00,94,0,0,48,91
2020. 5. 11,11:00,26,0,0,25,4
2020. 5. 11,13:00,97,0,0,97,0
2020. 5. 11,14:00,98,0,0,98,8
2020. 5. 11,15:00,72,0,0,64,40
2020. 5. 11,16:00,29,0,0,20,17
2020. 5. 11,17:00,11,0,0,2,10
2020. 5. 11,18:00,52,0,0,45,19
2020. 5. 11,19:00,98,0,0,95,95
2020. 5. 11,20:00,99,0,0,70,98
2020. 5. 11,21:00,100,0,7,95,100
2020. 5. 11,22:00,100,0,1,100,100
2020. 5. 12,0:00,94,0,88,92,1
2020. 5. 12,1:00,28,0,9,26,0
2020. 5. 12,2:00,8,0,1,8,0
2020. 5. 12,3:00,3,0,3,0,0
2020. 5. 12,4:00,0,0,0,0,0
2020. 5. 12,5:00,0,0,0,0,0
2020. 5. 12,6:00,25,0,25,0,0
2020. 5. 12,7:00,15,0,6,11,0
2020. 5. 12,8:00,40,0,7,36,0
2020. 5. 12,9:00,27,0,27,0,0
2020. 5. 12,11:00,100,0,100,0,0
2020. 5. 12,12:00,100,0,100,0,0
2020. 5. 12,13:00,41,0,28,24,0
2020. 5. 12,14:00,35,0,16,32,0
2020. 5. 12,15:00,17,0,10,15,0
2020. 5. 12,16:00,34,0,5,34,0
2020. 5. 12,17:00,36,0,27,19,0
2020. 5. 12,18:00,25,0,17,23,0
2020. 5. 12,19:00,2,0,2,2,0
2020. 5. 12,20:00,0,0,0,0,0
2020. 5. 12,21:00,0,0,0,0,0
2020. 5. 12,22:00,0,0,0,0,0
2020. 5. 12,23:00,0,0,0,0,0
2020. 5. 13,23:00,0,0,0,0,0
2020. 5. 13,0:00,0,0,0,0,0
2020. 5. 13,1:00,0,0,0,0,0
2020. 5. 13,2:00,0,0,0,0,0
2020. 5. 13,3:00,0,0,0,0,0
2020. 5. 13,4:00,0,0,0,0,0
2020. 5. 13,5:00,0,0,0,0,0
2020. 5. 13,6:00,0,0,0,0,0
2020. 5. 13,7:00,0,0,0,0,0
2020. 5. 13,8:00,0,0,0,0,0
2020. 5. 13,9:00,0,0,0,0,0
2020. 5. 13,10:00,0,0,0,0,0
2020. 5. 13,11:00,0,0,0,0,0
2020. 5. 13,12:00,0,0,0,0,0
2020. 5. 13,13:00,0,0,0,0,0
2020. 5. 13,15:00,0,0,0,0,0
2020. 5. 13,16:00,0,0,0,0,0
2020. 5. 13,17:00,0,0,0,0,0
2020. 5. 13,18:00,0,0,0,0,0
2020. 5. 13,19:00,0,0,0,0,0
2020. 5. 13,20:00,59,0,0,0,59
2020. 5. 13,21:00,94,0,0,0,94
2020. 5. 13,22:00,100,0,0,0,100
2020. 5. 14,0:00,100,0,0,0,100
2020. 5. 14,1:00,100,0,0,0,100
2020. 5. 14,2:00,98,0,0,0,98
2020. 5. 14,3:00,100,0,0,0,100
2020. 5. 14,4:00,100,0,0,0,100
2020. 5. 14,5:00,100,0,0,0,100
2020. 5. 14,6:00,100,0,0,0,100
2020. 5. 14,7:00,99,0,0,0,99
2020. 5. 14,8:00,98,0,0,0,98
2020. 5. 14,9:00,99,0,0,19,99
2020. 5. 14,10:00,100,0,0,62,100
2020. 5. 14,11:00,98,0,0,80,97
2020. 5. 14,12:00,99,0,0,66,99
2020. 5. 14,13:00,98,0,0,74,98
2020. 5. 14,14:00,100,0,0,77,100
2020. 5. 14,15:00,99,0,0,98,93
2020. 5. 14,16:00,98,0,0,48,98
2020. 5. 14,17:00,100,0,0,80,100
2020. 5. 14,18:00,100,0,0,94,100
2020. 5. 14,19:00,100,0,0,61,100
2020. 5. 14,20:00,100,0,0,34,100
2020. 5. 14,21:00,100,0,0,52,100
2020. 5. 14,22:00,100,0,0,64,100
2020. 5. 14,23:00,100,0,0,95,100
2020. 5. 15,0:00,100,0,0,100,100
2020. 5. 15,1:00,100,0,0,100,100
2020. 5. 15,2:00,100,0,0,100,100
2020. 5. 15,3:00,100,0,0,100,100
2020. 5. 15,4:00,100,0,0,100,100
2020. 5. 15,5:00,100,0,5,100,100
2020. 5. 15,6:00,100,0,0,100,100
2020. 5. 15,7:00,100,0,0,100,100
2020. 5. 15,8:00,100,0,0,99,100
2020. 5. 15,9:00,100,0,6,100,38
2020. 5. 15,10:00,99,0,98,99,62
2020. 5. 15,11:00,100,0,5,100,44
2020. 5. 15,12:00,100,0,16,100,0
2020. 5. 15,13:00,100,0,100,100,0
2020. 5. 15,14:00,100,0,100,100,0
2020. 5. 15,15:00,100,0,100,100,0
2020. 5. 15,16:00,100,0,100,83,0
2020. 5. 15,17:00,100,0,100,11,0
2020. 5. 15,18:00,100,0,100,0,0
2020. 5. 15,19:00,100,0,100,0,0
2020. 5. 15,20:00,100,0,100,9,100
2020. 5. 15,21:00,100,0,100,5,98
2020. 5. 15,22:00,100,0,100,0,99
2020. 5. 15,23:00,100,0,100,0,97
2020. 5. 16,0:00,100,0,100,0,95
2020. 5. 16,1:00,100,0,100,2,99
2020. 5. 16,2:00,100,0,100,0,95
2020. 5. 16,3:00,100,0,100,0,98
2020. 5. 16,4:00,100,0,100,0,98
2020. 5. 16,5:00,100,40,100,0,99
2020. 5. 16,6:00,100,3,100,0,99
2020. 5. 16,7:00,100,0,100,0,0
2020. 5. 16,8:00,100,0,100,0,0
2020. 5. 16,9:00,100,0,100,0,95
2020. 5. 16,10:00,100,0,100,0,99
2020. 5. 16,11:00,100,0,100,0,98
2020. 5. 16,12:00,100,0,100,0,94
2020. 5. 16,13:00,100,0,100,0,99
2020. 5. 16,14:00,100,0,100,0,73
2020. 5. 16,15:00,100,0,100,0,0
2020. 5. 16,16:00,100,0,100,0,0
2020. 5. 16,17:00,64,0,64,0,0
2020. 5. 16,18:00,70,0,69,0,2
2020. 5. 16,19:00,93,0,62,0,82
2020. 5. 16,20:00,100,0,46,0,100
2020. 5. 16,21:00,80,0,16,0,77
2020. 5. 16,22:00,99,0,16,0,99
2020. 5. 16,23:00,79,38,77,0,12
2020. 5. 17,0:00,86,77,84,0,22
2020. 5. 17,1:00,96,77,95,6,12
2020. 5. 17,2:00,98,79,98,26,41
2020. 5. 17,3:00,100,100,100,5,0
2020. 5. 17,4:00,100,100,100,19,4
2020. 5. 17,5:00,100,95,100,10,23
2020. 5. 17,6:00,100,0,100,0,11
2020. 5. 17,7:00,100,0,100,20,16
2020. 5. 17,8:00,100,0,100,2,99
2020. 5. 17,9:00,100,0,100,2,100
2020. 5. 17,10:00,94,0,64,6,86
2020. 5. 17,11:00,29,0,23,8,0
2020. 5. 17,13:00,56,0,55,1,2
2020. 5. 17,14:00,56,0,54,4,4
2020. 5. 17,15:00,29,0,23,8,3
2020. 5. 17,16:00,6,0,2,3,3
2020. 5. 17,17:00,5,0,0,1,4
2020. 5. 17,18:00,14,0,0,9,7
2020. 5. 17,19:00,18,0,13,0,7
2020. 5. 17,20:00,40,0,26,25,5
2020. 5. 17,21:00,44,0,24,23,18
2020. 5. 17,22:00,91,0,16,22,88
2020. 5. 17,23:00,100,0,83,2,100
2020. 5. 18,0:00,98,0,76,0,94
2020. 5. 18,1:00,100,0,94,1,100
2020. 5. 18,2:00,100,0,73,48,100
2020. 5. 18,3:00,100,0,98,27,100
2020. 5. 18,4:00,100,0,88,27,100
2020. 5. 18,5:00,100,0,100,38,100
2020. 5. 18,6:00,100,0,23,95,100
2020. 5. 18,7:00,100,0,17,99,99
2020. 5. 18,8:00,83,0,8,45,70
2020. 5. 18,10:00,30,0,1,27,5
2020. 5. 18,11:00,100,0,0,100,100
2020. 5. 18,12:00,94,0,0,91,90
2020. 5. 18,13:00,81,0,0,9,81
2020. 5. 18,14:00,71,0,0,25,66
2020. 5. 18,15:00,94,0,9,38,92
2020. 5. 18,16:00,100,0,35,82,100
2020. 5. 18,17:00,100,0,100,94,83
2020. 5. 18,18:00,100,0,100,77,89
2020. 5. 18,19:00,98,0,57,94,94
2020. 5. 18,20:00,100,0,100,91,87
2020. 5. 18,21:00,94,0,89,77,4
2020. 5. 18,22:00,39,0,35,19,0
2020. 5. 18,23:00,6,0,5,1,0
2020. 5. 19,23:00,6,0,5,1,0
2020. 5. 19,0:00,3,0,3,0,0
2020. 5. 19,1:00,34,0,34,0,0
2020. 5. 19,2:00,99,0,99,0,0
2020. 5. 19,3:00,67,0,48,6,36
2020. 5. 19,4:00,70,0,14,24,62
2020. 5. 19,5:00,77,0,52,66,34
2020. 5. 19,6:00,100,0,100,100,76
2020. 5. 19,7:00,100,0,18,100,4
2020. 5. 19,8:00,95,0,21,94,27
2020. 5. 19,9:00,98,0,84,96,9
2020. 5. 19,10:00,91,0,86,80,11
2020. 5. 19,11:00,80,0,17,76,29
2020. 5. 19,12:00,69,0,2,44,59
2020. 5. 19,13:00,82,0,0,62,78
2020. 5. 19,14:00,57,0,15,48,12
2020. 5. 19,15:00,99,0,99,38,0
2020. 5. 19,16:00,95,0,94,61,0
2020. 5. 19,17:00,1,0,1,1,0
2020. 5. 19,18:00,2,0,2,1,0
2020. 5. 19,19:00,12,0,8,3,6
2020. 5. 19,20:00,3,0,0,0,3
2020. 5. 19,21:00,34,0,0,0,34
2020. 5. 19,22:00,17,0,0,0,17
2020. 5. 20,0:00,34,0,2,3,31
2020. 5. 20,1:00,62,0,0,2,62
2020. 5. 20,2:00,59,0,0,9,56
2020. 5. 20,3:00,59,0,0,26,48
2020. 5. 20,4:00,80,0,1,42,67
2020. 5. 20,5:00,89,0,2,25,87
2020. 5. 20,6:00,92,0,1,32,91
2020. 5. 20,8:00,100,0,100,100,97
2020. 5. 20,9:00,98,0,22,53,97
2020. 5. 20,10:00,97,0,53,2,95
2020. 5. 20,11:00,98,0,83,2,94
2020. 5. 20,12:00,100,0,100,10,89
2020. 5. 20,13:00,99,0,90,18,89
2020. 5. 20,14:00,94,0,80,27,48
2020. 5. 20,15:00,89,0,86,54,5
2020. 5. 20,16:00,91,0,90,48,0
2020. 5. 20,17:00,92,0,90,34,0
2020. 5. 20,18:00,41,0,33,27,0
2020. 5. 20,19:00,27,0,21,16,0
2020. 5. 20,20:00,16,0,2,15,0
2020. 5. 20,21:00,21,0,10,20,0
2020. 5. 20,22:00,3,0,1,3,0
2020. 5. 20,23:00,6,0,6,0,0
2020. 5. 21,23:00,6,0,6,0,0
2020. 5. 21,1:00,8,0,8,0,0
2020. 5. 21,2:00,3,0,3,0,0
2020. 5. 21,3:00,1,0,0,1,0
2020. 5. 21,4:00,1,0,1,1,0
2020. 5. 21,5:00,1,0,1,1,0
2020. 5. 21,6:00,1,0,0,1,0
2020. 5. 21,7:00,4,0,2,0,2
2020. 5. 21,8:00,41,0,5,0,38
2020. 5. 21,9:00,100,0,6,0,100
2020. 5. 21,10:00,91,0,0,0,91
2020. 5. 21,11:00,94,0,2,0,94
2020. 5. 21,12:00,100,0,85,0,100
2020. 5. 21,13:00,98,0,53,28,98
2020. 5. 21,14:00,91,0,2,88,87
2020. 5. 21,15:00,94,0,0,94,0
2020. 5. 21,16:00,99,0,0,98,72
2020. 5. 21,17:00,100,0,0,100,100
2020. 5. 21,18:00,100,0,0,66,100
2020. 5. 21,19:00,100,0,0,56,100
2020. 5. 21,20:00,57,0,0,57,0
2020. 5. 21,21:00,30,0,0,30,0
2020. 5. 21,22:00,96,0,0,16,95
2020. 5. 21,0:00,99,0,9,94,98
2020. 5. 22,1:00,98,0,8,61,98
2020. 5. 22,2:00,98,0,2,64,95
2020. 5. 22,3:00,100,0,0,95,100
2020. 5. 22,4:00,98,0,0,82,94
2020. 5. 22,5:00,97,0,2,68,93
2020. 5. 22,6:00,93,0,2,37,90
2020. 5. 22,7:00,99,0,11,20,98
2020. 5. 22,8:00,100,0,2,80,100
2020. 5. 22,9:00,99,0,0,96,97
2020. 5. 22,10:00,100,0,0,94,98
2020. 5. 22,11:00,100,0,5,12,100
2020. 5. 22,12:00,100,0,76,60,100
2020. 5. 22,13:00,98,0,92,74,88
2020. 5. 22,14:00,97,0,20,77,92
2020. 5. 22,15:00,100,0,21,98,100
2020. 5. 22,16:00,100,0,1,100,100
2020. 5. 22,17:00,100,0,0,40,100
2020. 5. 22,18:00,89,0,1,23,87
2020. 5. 22,19:00,48,0,3,44,8
2020. 5. 22,20:00,59,0,7,19,50
2020. 5. 22,21:00,75,0,22,19,66
2020. 5. 22,22:00,84,0,22,25,79
2020. 5. 22,23:00,77,0,53,51,44
2020. 5. 23,1:00,64,0,49,50,0
2020. 5. 23,2:00,91,0,81,75,0
2020. 5. 23,3:00,89,0,79,65,0
2020. 5. 23,4:00,38,0,11,34,0
2020. 5. 23,5:00,30,0,2,30,0
2020. 5. 23,6:00,12,0,3,9,2
2020. 5. 23,7:00,33,0,7,20,13
2020. 5. 23,8:00,39,0,2,27,16
2020. 5. 23,9:00,63,0,51,9,26
2020. 5. 23,10:00,88,0,86,1,6
2020. 5. 23,11:00,96,0,94,1,25
2020. 5. 23,12:00,54,0,24,6,41
2020. 5. 23,13:00,26,0,17,1,11
2020. 5. 23,14:00,56,0,47,4,16
2020. 5. 23,15:00,100,0,11,1,100
2020. 5. 23,16:00,100,0,25,3,100
2020. 5. 23,17:00,100,0,26,3,100
2020. 5. 23,18:00,98,0,20,4,98
2020. 5. 23,19:00,100,0,8,3,100
2020. 5. 23,20:00,100,0,8,13,100
2020. 5. 23,21:00,100,0,12,91,99
2020. 5. 23,22:00,100,0,20,62,100
2020. 5. 23,23:00,100,0,36,99,99
2020. 5. 24,1:00,98,0,61,68,94
2020. 5. 24,2:00,100,0,100,99,77
2020. 5. 24,3:00,100,0,100,92,59
2020. 5. 24,4:00,100,0,100,97,42
2020. 5. 24,5:00,98,0,90,88,34
2020. 5. 24,6:00,100,0,100,100,23
2020. 5. 24,7:00,100,0,100,1,0
2020. 5. 24,8:00,100,14,100,0,0
2020. 5. 24,9:00,100,0,100,0,0
2020. 5. 24,10:00,73,0,73,0,0
2020. 5. 24,11:00,77,0,77,0,0
2020. 5. 24,12:00,71,0,71,0,0
2020. 5. 24,13:00,56,0,56,2,0
2020. 5. 24,14:00,6,0,6,0,0
2020. 5. 24,15:00,2,0,1,0,2
2020. 5. 24,16:00,8,0,3,0,6
2020. 5. 24,18:00,11,0,11,0,0
2020. 5. 24,19:00,18,0,16,0,2
2020. 5. 24,20:00,62,0,7,0,60
2020. 5. 24,21:00,100,0,18,0,100
2020. 5. 24,22:00,100,37,88,0,100
2020. 5. 24,23:00,100,77,100,0,100
2020. 5. 25,23:00,100,77,100,0,100
2020. 5. 25,1:00,100,78,100,0,100
2020. 5. 25,2:00,100,78,100,0,100
2020. 5. 25,3:00,100,78,100,0,95
2020. 5. 25,4:00,100,78,100,0,88
2020. 5. 25,5:00,100,58,100,0,98
2020. 5. 25,6:00,100,0,91,0,100
2020. 5. 25,7:00,100,0,98,0,89
2020. 5. 25,8:00,100,0,81,0,99
2020. 5. 25,9:00,98,0,77,0,94
2020. 5. 25,10:00,100,0,1,0,100
2020. 5. 25,11:00,100,0,5,0,100
2020. 5. 25,12:00,100,0,5,2,100
2020. 5. 25,13:00,100,0,25,19,100
2020. 5. 25,14:00,100,0,3,6,100
2020. 5. 25,15:00,100,0,2,5,100
2020. 5. 25,16:00,100,0,1,2,100
2020. 5. 25,17:00,100,0,2,2,100
2020. 5. 25,18:00,99,0,1,2,99
2020. 5. 25,19:00,88,0,1,1,88
2020. 5. 25,20:00,62,0,1,1,62
2020. 5. 25,21:00,81,0,0,0,81
2020. 5. 25,22:00,97,77,79,0,81
2020. 5. 26,1:00,100,100,100,0,96
2020. 5. 26,3:00,100,100,100,0,96
2020. 5. 26,4:00,100,100,100,0,94
2020. 5. 26,5:00,100,100,100,1,99
2020. 5. 26,6:00,100,7,100,13,84
2020. 5. 26,7:00,94,0,49,18,91
2020. 5. 26,8:00,74,0,7,17,70
2020. 5. 26,9:00,97,0,5,19,96
2020. 5. 26,10:00,26,0,3,14,17
2020. 5. 26,11:00,73,0,1,16,71
2020. 5. 26,12:00,91,0,2,87,66
2020. 5. 26,13:00,81,0,1,73,49
2020. 5. 26,14:00,77,0,6,62,52
2020. 5. 26,15:00,100,0,12,100,36
2020. 5. 26,16:00,94,0,19,94,12
2020. 5. 26,17:00,98,0,88,97,10
2020. 5. 26,18:00,100,0,99,75,26
2020. 5. 26,19:00,98,0,69,97,6
2020. 5. 26,20:00,36,0,12,33,0
2020. 5. 26,22:00,70,11,70,0,0
2020. 5. 26,23:00,100,59,100,0,0
2020. 5. 27,1:00,2,2,2,0,0
2020. 5. 27,2:00,1,0,1,0,0
2020. 5. 27,3:00,38,38,38,0,0
2020. 5. 27,4:00,1,0,1,0,0
2020. 5. 27,5:00,33,0,1,0,32
2020. 5. 27,6:00,83,0,2,0,83
2020. 5. 27,7:00,51,0,51,0,0
2020. 5. 27,8:00,62,0,22,0,51
2020. 5. 27,9:00,38,0,3,0,37
2020. 5. 27,11:00,23,0,0,0,23
2020. 5. 27,12:00,27,0,2,0,27
2020. 5. 27,13:00,24,0,8,16,7
2020. 5. 27,14:00,29,0,7,25,4
2020. 5. 27,15:00,29,0,6,23,7
2020. 5. 27,16:00,24,0,5,14,12
2020. 5. 27,17:00,27,0,1,11,19
2020. 5. 27,18:00,15,0,0,7,9
2020. 5. 27,19:00,23,0,0,4,20
2020. 5. 27,20:00,45,0,0,6,43
2020. 5. 27,21:00,66,0,0,14,61
2020. 5. 27,22:00,19,0,0,16,4
2020. 5. 27,23:00,27,0,0,12,19
2020. 5. 28,0:00,34,0,0,8,30
2020. 5. 28,2:00,54,0,0,34,37
2020. 5. 28,3:00,87,77,77,44,0
2020. 5. 28,4:00,95,77,82,74,0
2020. 5. 28,5:00,100,78,100,68,0
2020. 5. 28,6:00,79,49,73,44,0
2020. 5. 28,7:00,75,5,54,30,37
2020. 5. 28,8:00,47,1,29,34,8
2020. 5. 28,9:00,56,0,7,55,0
2020. 5. 28,10:00,73,0,17,71,0
2020. 5. 28,11:00,100,0,100,55,0
2020. 5. 28,12:00,99,0,99,54,0
2020. 5. 28,13:00,100,0,100,41,0
2020. 5. 28,14:00,96,0,96,51,0
2020. 5. 28,15:00,99,0,98,91,0
2020. 5. 28,16:00,75,0,67,43,0
2020. 5. 28,17:00,18,0,7,17,0
2020. 5. 28,18:00,16,0,16,2,0
2020. 5. 28,19:00,16,0,16,3,0
2020. 5. 28,20:00,6,0,4,4,0
2020. 5. 28,21:00,2,0,1,2,0
2020. 5. 28,22:00,1,0,1,1,0
2020. 5. 28,23:00,0,0,0,0,0
2020. 5. 29,1:00,0,0,0,0,0
2020. 5. 29,2:00,0,0,0,0,0
2020. 5. 29,3:00,0,0,0,0,0
2020. 5. 29,4:00,0,0,0,0,0
2020. 5. 29,5:00,0,0,0,0,0
2020. 5. 29,6:00,0,0,0,0,0
2020. 5. 29,7:00,0,0,0,0,0
2020. 5. 29,8:00,0,0,0,0,0
2020. 5. 29,9:00,0,0,0,0,0
2020. 5. 29,10:00,0,0,0,0,0
2020. 5. 29,11:00,1,0,1,0,0
2020. 5. 29,12:00,1,0,1,0,0
2020. 5. 29,13:00,1,0,1,0,0
2020. 5. 29,14:00,2,0,2,1,0
2020. 5. 29,15:00,8,0,0,8,0
2020. 5. 29,16:00,10,0,7,6,0
2020. 5. 29,17:00,2,0,0,2,0
2020. 5. 29,18:00,61,0,0,0,61
2020. 5. 29,19:00,0,0,0,0,0
2020. 5. 29,20:00,0,0,0,0,0
2020. 5. 29,21:00,16,0,0,0,16
2020. 5. 29,22:00,16,0,0,0,16
2020. 5. 29,23:00,52,0,0,0,52
2020. 5. 30,0:00,0,0,0,0,0
2020. 5. 30,1:00,2,0,0,0,2
2020. 5. 30,2:00,54,0,0,0,54
2020. 5. 30,3:00,96,0,0,0,96
2020. 5. 30,4:00,94,0,0,0,94
2020. 5. 30,5:00,89,0,0,0,89
2020. 5. 30,6:00,38,0,0,0,38
2020. 5. 30,7:00,0,0,0,0,0
2020. 5. 30,8:00,0,0,0,0,0
2020. 5. 30,9:00,0,0,0,0,0
2020. 5. 30,10:00,0,0,0,0,0
2020. 5. 30,11:00,0,0,0,0,0
2020. 5. 30,12:00,7,0,7,0,0
2020. 5. 30,13:00,5,0,5,0,0
2020. 5. 30,14:00,9,0,1,9,0
2020. 5. 30,15:00,12,0,0,12,0
2020. 5. 30,16:00,3,0,0,3,0
2020. 5. 30,17:00,0,0,0,0,0
2020. 5. 30,19:00,0,0,0,0,0
2020. 5. 30,20:00,13,0,0,13,0
2020. 5. 30,21:00,20,0,0,6,15
2020. 5. 30,22:00,68,0,0,1,68
2020. 5. 30,23:00,61,0,0,11,56
2020. 5. 31,1:00,50,0,0,28,32
2020. 5. 31,2:00,75,0,0,17,70
2020. 5. 31,3:00,66,0,0,11,63
2020. 5. 31,4:00,34,0,2,9,30
2020. 5. 31,5:00,32,0,4,4,30
2020. 5. 31,6:00,25,0,1,0,24
2020. 5. 31,7:00,65,0,0,0,65
2020. 5. 31,8:00,92,0,0,2,92
2020. 5. 31,9:00,59,0,0,34,52
2020. 5. 31,10:00,73,0,0,57,41
2020. 5. 31,11:00,51,0,4,51,0
2020. 5. 31,12:00,92,0,2,94,2
2020. 5. 31,13:00,100,0,1,100,0
2020. 5. 31,14:00,100,0,0,100,0
2020. 5. 31,16:00,100,0,0,99,86
2020. 5. 31,17:00,100,0,1,100,88
2020. 5. 31,18:00,100,0,2,100,100
2020. 5. 31,19:00,100,0,23,99,100
2020. 5. 31,20:00,100,0,83,93,100
2020. 5. 31,21:00,100,0,100,41,100
2020. 5. 31,23:00,100,0,100,20,100
2020. 6. 1,1:00,100,0,100,19,98
2020. 6. 1,2:00,100,0,100,14,100
2020. 6. 1,3:00,100,0,100,2,78
2020. 6. 1,4:00,100,0,100,0,18
2020. 6. 1,5:00,66,0,66,0,0
2020. 6. 1,6:00,71,0,71,0,0
2020. 6. 1,7:00,18,0,18,0,0
2020. 6. 1,8:00,2,0,2,0,0
2020. 6. 1,9:00,0,0,0,0,0
2020. 6. 1,10:00,0,0,0,0,0
2020. 6. 1,11:00,4,0,4,0,0
2020. 6. 1,13:00,18,0,17,16,0
2020. 6. 1,14:00,6,0,6,2,0
2020. 6. 1,15:00,6,0,1,0,5
2020. 6. 1,16:00,62,0,1,0,61
2020. 6. 1,17:00,47,0,0,0,47
2020. 6. 1,18:00,0,0,0,0,0
2020. 6. 1,19:00,0,0,0,0,0
2020. 6. 1,20:00,0,0,0,0,0
2020. 6. 1,21:00,19,0,0,0,19
2020. 6. 1,22:00,50,0,0,0,50
2020. 6. 1,23:00,100,0,0,0,100
2020. 6. 2,1:00,100,0,0,0,100
2020. 6. 2,2:00,100,0,0,0,100
2020. 6. 2,3:00,100,0,0,0,100
2020. 6. 2,4:00,100,0,0,0,100
2020. 6. 2,5:00,100,0,0,50,100
2020. 6. 2,6:00,100,0,0,98,100
2020. 6. 2,7:00,100,0,0,94,100
2020. 6. 2,8:00,100,0,0,100,100
2020. 6. 2,9:00,100,0,0,100,100
2020. 6. 2,10:00,100,0,0,100,100
2020. 6. 2,11:00,100,0,0,100,100
2020. 6. 2,12:00,89,0,15,27,87
2020. 6. 2,13:00,100,0,100,91,70
2020. 6. 2,14:00,95,0,62,56,86
2020. 6. 2,15:00,98,0,95,95,9
2020. 6. 2,16:00,98,0,98,63,0
2020. 6. 2,17:00,100,0,100,54,0
2020. 6. 2,18:00,98,0,98,10,0
2020. 6. 2,19:00,100,0,100,51,0
2020. 6. 2,20:00,100,0,100,6,0
2020. 6. 2,21:00,100,0,100,2,23
2020. 6. 2,22:00,100,0,100,0,2
2020. 6. 2,23:00,100,0,100,0,2
2020. 6. 3,23:00,100,0,100,0,2
2020. 6. 3,1:00,100,0,100,0,97
2020. 6. 3,2:00,100,0,100,0,97
2020. 6. 3,3:00,100,0,100,0,93
2020. 6. 3,4:00,100,0,100,0,98
2020. 6. 3,5:00,100,0,100,0,98
2020. 6. 3,6:00,100,0,100,0,98
2020. 6. 3,7:00,100,0,100,0,93
2020. 6. 3,8:00,99,0,88,0,94
2020. 6. 3,9:00,98,0,91,0,77
2020. 6. 3,10:00,88,0,88,0,2
2020. 6. 3,11:00,89,0,38,0,82
2020. 6. 3,12:00,1,0,1,0,0
2020. 6. 3,13:00,1,0,1,0,0
2020. 6. 3,14:00,0,0,0,0,0
2020. 6. 3,16:00,0,0,0,0,0
2020. 6. 3,17:00,0,0,0,0,0
2020. 6. 3,18:00,9,0,9,0,0
2020. 6. 3,19:00,42,0,42,0,0
2020. 6. 3,20:00,84,43,84,0,0
2020. 6. 3,21:00,100,78,100,0,0
2020. 6. 3,22:00,100,78,100,0,0
2020. 6. 4,23:00,100,43,100,0,0
2020. 6. 4,2:00,100,78,100,0,0
2020. 6. 4,3:00,100,78,100,0,0
2020. 6. 4,4:00,100,56,100,0,0
2020. 6. 4,5:00,100,77,100,0,0
2020. 6. 4,6:00,100,0,100,0,0
2020. 6. 4,7:00,98,0,98,0,0
2020. 6. 4,8:00,100,0,100,0,0
2020. 6. 4,9:00,97,0,97,0,0
2020. 6. 4,10:00,73,0,73,0,0
2020. 6. 4,11:00,16,0,16,0,0
2020. 6. 4,12:00,2,0,2,0,0
2020. 6. 4,13:00,1,0,1,0,0
2020. 6. 4,14:00,0,0,0,0,0
2020. 6. 4,15:00,0,0,0,0,0
2020. 6. 4,16:00,4,0,4,0,0
2020. 6. 4,17:00,11,0,11,0,0
2020. 6. 4,18:00,62,0,62,0,0
2020. 6. 4,19:00,100,0,100,0,0
2020. 6. 4,20:00,100,0,100,0,0
2020. 6. 4,21:00,100,0,100,0,0
2020. 6. 4,22:00,96,0,96,0,0
2020. 6. 5,1:00,100,0,100,0,0
2020. 6. 5,2:00,80,0,80,0,0
2020. 6. 5,3:00,37,0,37,0,0
2020. 6. 5,4:00,41,0,41,0,0
2020. 6. 5,5:00,34,0,33,0,0
2020. 6. 5,6:00,98,0,47,0,1
2020. 6. 5,7:00,100,0,71,0,98
2020. 6. 5,8:00,99,0,15,0,99
2020. 6. 5,9:00,99,0,3,0,99
2020. 6. 5,10:00,98,0,2,0,98
2020. 6. 5,11:00,98,0,2,1,98
2020. 6. 5,12:00,99,0,1,0,99
2020. 6. 5,13:00,94,0,0,2,93
2020. 6. 5,14:00,100,0,0,30,100
2020. 6. 5,15:00,100,0,0,4,100
2020. 6. 5,16:00,98,0,0,0,98
2020. 6. 5,17:00,71,0,0,0,71
2020. 6. 5,19:00,95,0,0,0,95
2020. 6. 5,20:00,96,0,0,0,96
2020. 6. 5,21:00,88,0,0,0,88
2020. 6. 5,22:00,89,0,0,0,89
2020. 6. 5,23:00,86,0,0,0,86
2020. 6. 6,1:00,90,0,0,0,90
2020. 6. 6,2:00,88,1,1,0,90
2020. 6. 6,3:00,88,39,39,0,88
2020. 6. 6,4:00,51,0,0,1,80
2020. 6. 6,5:00,3,0,0,0,51
2020. 6. 6,6:00,1,0,0,1,3
2020. 6. 6,7:00,58,0,0,6,66
2020. 6. 6,8:00,86,0,0,2,86
2020. 6. 6,9:00,83,0,0,9,80
2020. 6. 6,10:00,9,0,3,7,0
2020. 6. 6,11:00,13,0,2,12,0
2020. 6. 6,12:00,22,0,5,20,2
2020. 6. 6,13:00,20,0,4,18,2
2020. 6. 6,15:00,19,0,0,17,2
2020. 6. 6,16:00,20,0,0,20,1
2020. 6. 6,17:00,18,0,0,18,0
2020. 6. 6,18:00,16,0,0,16,0
2020. 6. 6,19:00,12,0,9,11,0
2020. 6. 6,20:00,24,0,12,23,0
2020. 6. 6,21:00,29,0,20,27,0
2020. 6. 6,22:00,48,0,12,47,0
2020. 6. 6,23:00,37,0,6,31,6
2020. 6. 7,1:00,24,0,20,6,6
2020. 6. 7,2:00,27,0,27,1,6
2020. 6. 7,3:00,44,0,44,0,0
2020. 6. 7,4:00,8,0,8,0,1
2020. 6. 7,5:00,8,0,8,0,0
2020. 6. 7,6:00,11,0,11,0,0
2020. 6. 7,7:00,13,0,13,0,0
2020. 6. 7,8:00,58,0,58,0,0
2020. 6. 7,9:00,26,0,26,0,0
2020. 6. 7,10:00,20,0,20,0,0
2020. 6. 7,11:00,6,0,6,0,0
2020. 6. 7,12:00,2,0,2,0,0
2020. 6. 7,13:00,2,0,2,0,0
2020. 6. 7,14:00,0,0,0,0,0
2020. 6. 7,16:00,16,0,0,0,16
2020. 6. 7,17:00,2,0,0,0,2
2020. 6. 7,18:00,17,0,0,0,17
2020. 6. 7,19:00,0,0,0,0,0
2020. 6. 7,20:00,0,0,0,0,0
2020. 6. 7,21:00,0,0,0,0,0
2020. 6. 7,22:00,0,0,0,0,0
2020. 6. 7,23:00,1,0,1,0,0
2020. 6. 8,1:00,1,0,1,0,0
2020. 6. 8,2:00,16,0,16,0,0
2020. 6. 8,3:00,30,0,30,0,0
2020. 6. 8,4:00,49,40,49,0,0
2020. 6. 8,5:00,38,35,38,0,0
2020. 6. 8,6:00,4,0,4,0,0
2020. 6. 8,7:00,80,0,80,0,0
2020. 6. 8,8:00,64,0,64,0,0
2020. 6. 8,9:00,0,0,0,0,0
2020. 6. 8,10:00,0,0,0,0,0
2020. 6. 8,11:00,0,0,0,0,0
2020. 6. 8,12:00,0,0,0,0,0
2020. 6. 8,13:00,0,0,0,0,0
2020. 6. 8,14:00,0,0,0,0,0
2020. 6. 8,15:00,0,0,0,0,0
2020. 6. 8,16:00,0,0,0,0,0
2020. 6. 8,17:00,0,0,0,0,0
2020. 6. 8,19:00,0,0,0,0,0
2020. 6. 8,20:00,0,0,0,0,0
2020. 6. 8,21:00,0,0,0,0,0
2020. 6. 8,22:00,0,0,0,0,0
2020. 6. 8,23:00,0,0,0,0,0
2020. 6. 9,0:00,0,0,0,0,0
2020. 6. 9,1:00,0,0,0,0,0
2020. 6. 9,2:00,0,0,0,0,0
2020. 6. 9,3:00,0,0,0,0,0
2020. 6. 9,4:00,0,0,0,0,0
2020. 6. 9,5:00,53,0,0,0,53
2020. 6. 9,6:00,91,0,0,0,91
2020. 6. 9,7:00,88,0,0,0,88
2020. 6. 9,9:00,84,0,0,0,84
2020. 6. 9,10:00,92,0,0,0,92
2020. 6. 9,11:00,92,0,0,0,92
2020. 6. 9,12:00,98,0,0,0,98
2020. 6. 9,13:00,44,0,0,0,44
2020. 6. 9,15:00,54,0,0,0,54
2020. 6. 9,17:00,0,0,0,0,0
2020. 6. 9,18:00,95,0,0,0,95
2020. 6. 9,19:00,95,0,0,0,95
2020. 6. 9,20:00,98,0,0,0,98
2020. 6. 9,21:00,98,0,0,0,98
2020. 6. 9,22:00,99,0,0,0,99
2020. 6. 9,23:00,100,0,0,0,100
2020. 6. 10,1:00,32,0,0,0,23
2020. 6. 10,2:00,98,0,0,0,32
2020. 6. 10,3:00,97,0,0,0,98
2020. 6. 10,4:00,94,0,0,0,97
2020. 6. 10,5:00,91,0,6,1,94
2020. 6. 10,6:00,87,0,11,1,91
2020. 6. 10,7:00,54,0,4,0,52
2020. 6. 10,8:00,44,0,2,0,43
2020. 6. 10,9:00,80,0,16,5,77
2020. 6. 10,10:00,91,0,34,68,76
2020. 6. 10,11:00,66,0,5,17,59
2020. 6. 10,12:00,51,0,0,1,50
2020. 6. 10,14:00,48,0,1,2,48
2020. 6. 10,15:00,100,0,0,1,100
2020. 6. 10,16:00,100,0,0,2,100
2020. 6. 10,17:00,100,0,0,11,100
2020. 6. 10,18:00,100,0,0,84,100
2020. 6. 10,19:00,100,0,0,67,100
2020. 6. 10,20:00,100,0,1,98,100
2020. 6. 10,21:00,100,0,6,27,100
2020. 6. 10,22:00,100,0,18,16,100
2020. 6. 10,23:00,100,0,99,34,93
2020. 6. 11,1:00,76,0,75,27,48
2020. 6. 11,3:00,77,0,10,6,0
2020. 6. 11,4:00,31,0,12,0,74
2020. 6. 11,6:00,45,0,44,5,23
2020. 6. 11,7:00,19,0,18,8,0
2020. 6. 11,9:00,57,0,56,4,0
2020. 6. 11,10:00,12,0,12,0,0
2020. 6. 11,12:00,6,0,6,0,0
2020. 6. 11,13:00,65,0,5,0,63
2020. 6. 11,14:00,97,0,3,0,97
2020. 6. 11,15:00,93,0,0,0,93
2020. 6. 11,16:00,100,0,0,0,100
2020. 6. 11,17:00,77,0,0,0,77
2020. 6. 11,18:00,23,0,0,0,23
2020. 6. 11,19:00,97,0,0,0,97
2020. 6. 11,20:00,98,0,0,0,98
2020. 6. 11,21:00,99,0,0,0,99
2020. 6. 11,22:00,100,0,0,0,100
2020. 6. 11,23:00,100,0,0,0,100
2020. 6. 12,1:00,94,0,0,66,87
2020. 6. 12,2:00,93,0,0,66,90
2020. 6. 12,3:00,96,0,0,1,90
2020. 6. 12,4:00,94,0,0,3,96
2020. 6. 12,5:00,100,1,2,0,94
2020. 6. 12,6:00,100,0,2,1,100
2020. 6. 12,7:00,98,0,0,11,98
2020. 6. 12,8:00,100,0,0,65,100
2020. 6. 12,9:00,100,0,0,0,100
2020. 6. 12,10:00,78,0,0,0,78
2020. 6. 12,11:00,100,0,0,4,100
2020. 6. 12,12:00,100,0,0,2,100
2020. 6. 12,13:00,100,0,0,0,100
2020. 6. 12,14:00,100,0,0,0,100
2020. 6. 12,15:00,100,0,0,0,100
2020. 6. 12,16:00,100,0,0,0,100
2020. 6. 12,17:00,100,0,0,0,100
2020. 6. 12,19:00,100,0,0,5,100
2020. 6. 12,20:00,100,0,0,0,100
2020. 6. 12,21:00,99,0,0,0,99
2020. 6. 12,22:00,97,0,0,0,97
2020. 6. 12,23:00,100,2,2,0,100
2020. 6. 12,0:00,100,39,39,0,99
2020. 6. 13,1:00,95,7,7,0,94
2020. 6. 13,2:00,95,0,0,0,94
2020. 6. 13,3:00,92,0,0,0,95
2020. 6. 13,4:00,94,0,0,0,92
2020. 6. 13,5:00,91,0,0,0,94
2020. 6. 13,6:00,21,0,0,0,91
2020. 6. 13,7:00,6,0,0,0,6
2020. 6. 13,8:00,0,0,0,0,0
2020. 6. 13,9:00,0,0,0,0,0
2020. 6. 13,10:00,0,0,0,0,0
2020. 6. 13,11:00,0,0,0,0,0
2020. 6. 13,12:00,0,0,0,0,0
2020. 6. 13,13:00,0,0,0,0,0
2020. 6. 13,14:00,38,0,0,0,38
2020. 6. 13,15:00,56,0,0,0,56
2020. 6. 13,16:00,28,0,2,6,23
2020. 6. 13,17:00,62,0,16,29,45
2020. 6. 13,19:00,96,0,7,12,95
2020. 6. 13,20:00,99,0,9,24,98
2020. 6. 13,21:00,92,0,22,25,89
2020. 6. 13,22:00,71,0,23,10,63
2020. 6. 13,23:00,99,0,93,30,95
2020. 6. 14,1:00,100,0,100,100,91
2020. 6. 14,2:00,100,0,100,83,20
2020. 6. 14,3:00,83,0,49,77,0
2020. 6. 14,4:00,81,0,14,6,0
2020. 6. 14,5:00,95,0,7,1,79
2020. 6. 14,6:00,88,0,8,1,94
2020. 6. 14,7:00,35,0,1,12,30
2020. 6. 14,8:00,100,0,0,80,100
2020. 6. 14,9:00,100,0,0,38,100
2020. 6. 14,10:00,69,0,0,2,69
2020. 6. 14,11:00,17,0,0,10,12
2020. 6. 14,12:00,67,0,67,0,0
2020. 6. 14,14:00,4,0,2,3,0
2020. 6. 14,15:00,6,0,2,6,0
2020. 6. 14,16:00,0,0,0,0,0
2020. 6. 14,17:00,0,0,0,0,0
2020. 6. 14,18:00,0,0,0,0,0
2020. 6. 14,19:00,0,0,0,0,0
2020. 6. 14,20:00,0,0,0,0,0
2020. 6. 14,21:00,0,0,0,0,0
2020. 6. 14,22:00,0,0,0,0,0
2020. 6. 14,23:00,0,0,0,0,0
2020. 6. 15,1:00,0,0,0,0,0
2020. 6. 15,2:00,84,38,38,0,0
2020. 6. 15,3:00,85,38,38,0,76
2020. 6. 15,4:00,94,38,38,0,77
2020. 6. 15,5:00,98,38,40,0,89
2020. 6. 15,6:00,96,38,40,0,96
2020. 6. 15,7:00,98,0,0,0,100
2020. 6. 15,8:00,97,0,0,0,97
2020. 6. 15,9:00,94,0,0,0,94
2020. 6. 15,11:00,1,0,0,0,1
2020. 6. 15,12:00,0,0,0,0,0
2020. 6. 15,13:00,0,0,0,0,0
2020. 6. 15,14:00,0,0,0,0,0
2020. 6. 15,15:00,0,0,0,0,0
2020. 6. 15,16:00,30,0,0,0,30
2020. 6. 15,17:00,4,0,0,0,4
2020. 6. 15,18:00,99,0,0,0,99
2020. 6. 15,19:00,96,0,0,0,96
2020. 6. 15,20:00,92,0,0,0,92
2020. 6. 15,21:00,91,0,0,0,91
2020. 6. 15,22:00,88,0,2,0,88
2020. 6. 15,23:00,90,0,30,0,85
2020. 6. 16,1:00,96,43,96,0,41
2020. 6. 16,2:00,98,78,98,0,0
2020. 6. 16,3:00,100,77,100,0,0
2020. 6. 16,4:00,100,73,100,0,0
2020. 6. 16,5:00,100,78,100,0,0
2020. 6. 16,6:00,87,0,87,0,0
2020. 6. 16,7:00,41,0,41,0,0
2020. 6. 16,8:00,23,0,21,0,2
2020. 6. 16,9:00,4,0,4,0,0
2020. 6. 16,10:00,14,0,6,0,9
2020. 6. 16,11:00,27,0,12,0,19
2020. 6. 16,12:00,87,0,2,0,86
2020. 6. 16,14:00,68,0,0,0,68
2020. 6. 16,15:00,0,0,0,0,0
2020. 6. 16,16:00,32,0,0,0,32
2020. 6. 16,17:00,1,0,0,0,1
2020. 6. 16,18:00,2,0,0,0,2
2020. 6. 16,19:00,50,0,0,0,50
2020. 6. 16,20:00,52,0,0,0,52
2020. 6. 17,23:00,100,0,0,16,100
2020. 6. 18,0:00,99,0,0,30,99
2020. 6. 18,1:00,100,0,0,61,100
2020. 6. 18,2:00,100,0,4,71,100
2020. 6. 18,3:00,100,0,19,92,100
2020. 6. 18,4:00,100,0,20,94,100
2020. 6. 18,5:00,100,0,19,83,100
2020. 6. 18,6:00,100,0,14,86,100
2020. 6. 18,7:00,100,0,0,48,100
2020. 6. 18,8:00,100,0,0,62,100
2020. 6. 18,9:00,100,0,0,75,100
2020. 6. 18,10:00,100,0,0,77,100
2020. 6. 18,11:00,100,0,0,6,100
2020. 6. 18,12:00,99,0,0,1,99
2020. 6. 18,13:00,50,0,0,43,20
2020. 6. 18,14:00,79,0,0,44,68
2020. 6. 18,15:00,95,0,0,38,94
2020. 6. 18,16:00,88,0,0,9,87
2020. 6. 18,17:00,86,0,0,1,86
2020. 6. 18,18:00,83,0,0,9,83
2020. 6. 18,19:00,52,0,3,5,50
2020. 6. 18,20:00,50,0,6,14,43
2020. 6. 18,21:00,67,0,0,44,49
2020. 6. 18,22:00,91,0,2,88,44
2020. 6. 18,23:00,82,0,5,79,25
2020. 6. 19,0:00,98,0,8,70,97
2020. 6. 19,1:00,99,0,13,96,98
2020. 6. 19,2:00,100,0,15,94,100
2020. 6. 19,3:00,100,0,8,94,100
2020. 6. 19,4:00,100,0,3,98,100
2020. 6. 19,5:00,100,0,1,98,100
2020. 6. 19,6:00,100,0,2,88,100
2020. 6. 19,7:00,90,0,3,29,88
2020. 6. 19,8:00,86,0,2,13,84
2020. 6. 19,9:00,98,0,0,2,98
2020. 6. 19,10:00,85,0,51,2,72
2020. 6. 19,11:00,100,0,100,37,0
2020. 6. 19,12:00,93,0,93,25,0
2020. 6. 19,13:00,55,0,50,49,0
2020. 6. 19,14:00,94,0,87,94,0
2020. 6. 19,15:00,95,0,65,95,0
2020. 6. 19,17:00,82,0,11,82,1
2020. 6. 19,18:00,71,0,11,70,1
2020. 6. 19,19:00,3,0,2,2,0
2020. 6. 19,20:00,5,0,4,1,0
2020. 6. 19,21:00,11,0,11,1,0
2020. 6. 19,22:00,9,0,9,0,0
2020. 6. 20,0:00,8,0,7,1,0
2020. 6. 20,1:00,1,0,0,0,0
2020. 6. 20,2:00,1,0,1,0,0
2020. 6. 20,3:00,4,0,4,0,0
2020. 6. 20,7:00,1,0,1,0,0
2020. 6. 20,8:00,1,0,1,0,0
2020. 6. 20,9:00,0,0,0,0,0
2020. 6. 20,11:00,83,0,50,14,62
2020. 6. 20,12:00,64,0,30,30,42
2020. 6. 20,13:00,86,0,27,33,76